CompanyNumber,RegAddress.PostCode,CompanyCategory,CompanyStatus,CountryOfOrigin,DissolutionDate,IncorporationDate,SICCode.SicText_1,SICCode.SicText_2,SICCode.SicText_3,SICCode.SicText_4
13108818,DN35 9AG,Private Limited Company,Active,United Kingdom,NA,2021-01-04,96090 - Other service activities n.e.c.,,,
13148887,KT6 7HF,Private Limited Company,Active,United Kingdom,NA,2021-01-21,41202 - Construction of domestic buildings,43390 - Other building completion and finishing,,
13161661,EC1V 2NX,Private Limited Company,Active,United Kingdom,NA,2021-01-27,47710 - Retail sale of clothing in specialised stores,,,
13143177,TW11 0QB,Private Limited Company,Active,United Kingdom,NA,2021-01-19,41100 - Development of building projects,,,
13159064,SS2 4HU,Private Limited Company,Active,United Kingdom,NA,2021-01-26,68320 - Management of real estate on a fee or contract basis,,,
13160805,N1 7GU,Private Limited Company,Active,United Kingdom,NA,2021-01-27,41100 - Development of building projects,41202 - Construction of domestic buildings,98000 - Residents property management,
13160636,BA4 5AS,Private Limited Company,Active,United Kingdom,NA,2021-01-27,98000 - Residents property management,,,
13148563,GU32 1JS,Private Limited Company,Active,United Kingdom,NA,2021-01-21,82990 - Other business support service activities n.e.c.,,,
13116104,N1 7GU,Private Limited Company,Active,United Kingdom,NA,2021-01-06,"46370 - Wholesale of coffee, tea, cocoa and spices",46460 - Wholesale of pharmaceutical goods,46720 - Wholesale of metals and metal ores,"46730 - Wholesale of wood, construction materials and sanitary equipment"
13156908,LU1 5FJ,Private Limited Company,Active,United Kingdom,NA,2021-01-25,20160 - Manufacture of plastics in primary forms,,,
13126516,W4 4LE,Private Limited Company,Active,United Kingdom,NA,2021-01-11,"47990 - Other retail sale not in stores, stalls or markets",,,
13145309,N1 7GU,Private Limited Company,Active,United Kingdom,NA,2021-01-20,62012 - Business and domestic software development,,,
13163790,BB7 9YE,Private Limited Company,Active,United Kingdom,NA,2021-01-28,46420 - Wholesale of clothing and footwear,,,
13117074,WC1N 3AX,Private Limited Company,Active,United Kingdom,NA,2021-01-06,82990 - Other business support service activities n.e.c.,,,
13143101,YO265LS,Private Limited Company,Active,United Kingdom,NA,2021-01-19,68209 - Other letting and operating of own or leased real estate,,,
13119365,EC2A 3AR,Private Limited Company,Active,United Kingdom,NA,2021-01-07,41100 - Development of building projects,,,
13109792,B77 4PP,Private Limited Company,Active,United Kingdom,NA,2021-01-04,53202 - Unlicensed carrier,,,
13109004,NN11 4QG,Private Limited Company,Active,United Kingdom,NA,2021-01-04,"43220 - Plumbing, heat and air-conditioning installation",43310 - Plastering,43330 - Floor and wall covering,43341 - Painting
13138025,WC2H 9JQ,Private Limited Company,Active,United Kingdom,NA,2021-01-15,"46170 - Agents involved in the sale of food, beverages and tobacco",46190 - Agents involved in the sale of a variety of goods,56290 - Other food services,63120 - Web portals
13142644,BN3 2FA,Private Limited Company,Active,United Kingdom,NA,2021-01-19,64209 - Activities of other holding companies n.e.c.,70100 - Activities of head offices,86900 - Other human health activities,96040 - Physical well-being activities
SC685271,G51 2TJ,Private Limited Company,Active,United Kingdom,NA,2021-01-07,88100 - Social work activities without accommodation for the elderly and disabled,,,
13120183,NW3 7HU,Private Limited Company,Active,United Kingdom,NA,2021-01-07,59111 - Motion picture production activities,,,
13109444,LL22 9BJ,Private Limited Company,Active,United Kingdom,NA,2021-01-04,78200 - Temporary employment agency activities,,,
13151759,HA3 9XQ,Private Limited Company,Active,United Kingdom,NA,2021-01-22,"46390 - Non-specialised wholesale of food, beverages and tobacco",,,
13139259,DN4 9ET,Private Limited Company,Active,United Kingdom,NA,2021-01-18,27900 - Manufacture of other electrical equipment,,,
13115097,W14 8RZ,"PRI/LTD BY GUAR/NSC (Private, limited by guarantee, no share capital)",Active,United Kingdom,NA,2021-01-05,90010 - Performing arts,,,
13113162,EC1V 2NX,Private Limited Company,Active,United Kingdom,NA,2021-01-05,41100 - Development of building projects,41202 - Construction of domestic buildings,,
13117170,W1U 6TQ,Private Limited Company,Active,United Kingdom,NA,2021-01-06,59200 - Sound recording and music publishing activities,,,
13148482,DE23 6WE,Private Limited Company,Active,United Kingdom,NA,2021-01-20,56103 - Take-away food shops and mobile food stands,,,
13111168,B36 9DE,Private Limited Company,Active,United Kingdom,NA,2021-01-04,"16290 - Manufacture of other products of wood; manufacture of articles of cork, straw and plaiting materials",,,
13113355,E11 3NJ,Private Limited Company,Active,United Kingdom,NA,2021-01-05,47710 - Retail sale of clothing in specialised stores,,,
13119081,WC2H 9JQ,Private Limited Company,Active,United Kingdom,NA,2021-01-07,"47599 - Retail of furniture, lighting, and similar (not musical instruments or scores) in specialised store",47910 - Retail sale via mail order houses or via Internet,,
13109605,M30 9PD,Private Limited Company,Active,United Kingdom,NA,2021-01-04,77210 - Renting and leasing of recreational and sports goods,,,
13116666,EC1V 9BD,Private Limited Company,Active,United Kingdom,NA,2021-01-06,41100 - Development of building projects,,,
13163113,MK12 5JN,Private Limited Company,Active,United Kingdom,NA,2021-01-27,18129 - Printing n.e.c.,,,
13154079,KT2 6HU,Private Limited Company,Active,United Kingdom,NA,2021-01-25,74100 - specialised design activities,,,
SC687127,G65 0NH,Private Limited Company,Active,United Kingdom,NA,2021-01-26,32120 - Manufacture of jewellery and related articles,47910 - Retail sale via mail order houses or via Internet,,
13123704,SG1 1EH,Private Limited Company,Active,United Kingdom,NA,2021-01-11,47190 - Other retail sale in non-specialised stores,,,
13142586,LS25 5AQ,Private Limited Company,Active,United Kingdom,NA,2021-01-19,43390 - Other building completion and finishing,,,
13135384,RM15 5PG,Private Limited Company,Active,United Kingdom,NA,2021-01-14,69201 - Accounting and auditing activities,69202 - Bookkeeping activities,69203 - Tax consultancy,70221 - Financial management
13121201,SS0 9QB,Private Limited Company,Active,United Kingdom,NA,2021-01-08,47190 - Other retail sale in non-specialised stores,,,
13159220,BS23 2JS,Private Limited Company,Active,United Kingdom,NA,2021-01-26,14131 - Manufacture of other men's outerwear,,,
13110461,SE28 8EY,Private Limited Company,Active,United Kingdom,NA,2021-01-04,81222 - Specialised cleaning services,,,
13166420,GL6 0LF,Private Limited Company,Active,United Kingdom,NA,2021-01-29,47910 - Retail sale via mail order houses or via Internet,,,
13128596,DA16 2LW,Private Limited Company,Active,United Kingdom,NA,2021-01-12,47910 - Retail sale via mail order houses or via Internet,,,
13115753,LS22 5BL,Private Limited Company,Active,United Kingdom,NA,2021-01-06,81221 - Window cleaning services,,,
13136924,RH11 0PB,Private Limited Company,Active,United Kingdom,NA,2021-01-15,47910 - Retail sale via mail order houses or via Internet,,,
13132266,SS14 2DB,Private Limited Company,Active,United Kingdom,NA,2021-01-13,47710 - Retail sale of clothing in specialised stores,,,
13138576,SM2 7JT,Private Limited Company,Active,United Kingdom,NA,2021-01-18,68100 - Buying and selling of own real estate,68209 - Other letting and operating of own or leased real estate,,
13129937,WC2H 9JQ,Private Limited Company,Active,United Kingdom,NA,2021-01-13,47190 - Other retail sale in non-specialised stores,,,
13144749,BS13 7AD,Private Limited Company,Active,United Kingdom,NA,2021-01-19,43910 - Roofing activities,,,
13144640,WC2H 9JQ,Private Limited Company,Active,United Kingdom,NA,2021-01-19,47910 - Retail sale via mail order houses or via Internet,,,
SC685047,EH24 9EJ,Private Limited Company,Active,United Kingdom,NA,2021-01-05,78109 - Other activities of employment placement agencies,,,
13164110,M15 4JE,Private Limited Company,Active,United Kingdom,NA,2021-01-28,70229 - Management consultancy activities other than financial management,,,
13158169,WS12 1NT,Private Limited Company,Active,United Kingdom,NA,2021-01-26,47910 - Retail sale via mail order houses or via Internet,,,
13135902,BS1 6TP,Private Limited Company,Active,United Kingdom,NA,2021-01-15,62020 - Information technology consultancy activities,,,
13168757,NR33 0LQ,Private Limited Company,Active,United Kingdom,NA,2021-01-30,82301 - Activities of exhibition and fair organisers,,,
13142006,PO215BE,Private Limited Company,Active,United Kingdom,NA,2021-01-18,71122 - Engineering related scientific and technical consulting activities,,,
13145551,CV9 1ED,Private Limited Company,Active,United Kingdom,NA,2021-01-20,96020 - Hairdressing and other beauty treatment,,,
13158132,TN35 5HE,Private Limited Company,Active,United Kingdom,NA,2021-01-26,43999 - Other specialised construction activities n.e.c.,,,
13147590,N1 7GU,Private Limited Company,Active,United Kingdom,NA,2021-01-20,52103 - Operation of warehousing and storage facilities for land transport activities,52243 - Cargo handling for land transport activities,53100 - Postal activities under universal service obligation,
OC435106,WC2H 9JQ,Limited Liability Partnership,Active,United Kingdom,NA,2021-01-18,None Supplied,,,
13140651,CM12 0DD,Public Limited Company,Active,United Kingdom,NA,2021-01-18,64999 - Financial intermediation not elsewhere classified,,,
13127522,RH13 0TL,Private Limited Company,Active,United Kingdom,NA,2021-01-12,43991 - Scaffold erection,,,
13147094,SW1Y 5EA,Private Limited Company,Active,United Kingdom,NA,2021-01-20,99999 - Dormant Company,,,
13122800,DL10 7PS,Private Limited Company,Active,United Kingdom,NA,2021-01-08,84220 - Defence activities,,,
13159903,DA14 6NE,Private Limited Company,Active,United Kingdom,NA,2021-01-26,82990 - Other business support service activities n.e.c.,,,
13146243,CW1 4AF,Private Limited Company,Active,United Kingdom,NA,2021-01-20,49410 - Freight transport by road,49420 - Removal services,,
13112544,LS15 8BN,Private Limited Company,Active,United Kingdom,NA,2021-01-05,74100 - specialised design activities,,,
13142992,N13 5RY,Private Limited Company,Active,United Kingdom,NA,2021-01-19,73110 - Advertising agencies,,,
SC685652,KY5 8DA,Private Limited Company,Active,United Kingdom,NA,2021-01-12,56103 - Take-away food shops and mobile food stands,,,
13147632,TW3 1RB,Private Limited Company,Active,United Kingdom,NA,2021-01-20,"47110 - Retail sale in non-specialised stores with food, beverages or tobacco predominating",,,
13140585,YO10 4JG,Private Limited Company,Active,United Kingdom,NA,2021-01-18,68100 - Buying and selling of own real estate,68209 - Other letting and operating of own or leased real estate,,
13122489,S42 7HH,Private Limited Company,Active,United Kingdom,NA,2021-01-08,70229 - Management consultancy activities other than financial management,,,
13146204,HR5 3DJ,Private Limited Company,Active,United Kingdom,NA,2021-01-20,10832 - Production of coffee and coffee substitutes,,,
SC686585,ML1 1XA,Private Limited Company,Active,United Kingdom,NA,2021-01-20,56103 - Take-away food shops and mobile food stands,,,
13148039,CR0 5PZ,Private Limited Company,Active,United Kingdom,NA,2021-01-20,62020 - Information technology consultancy activities,,,
13140204,PR2 9LZ,Private Limited Company,Active,United Kingdom,NA,2021-01-18,77110 - Renting and leasing of cars and light motor vehicles,,,
13154881,DN3 1EG,Private Limited Company,Active,United Kingdom,NA,2021-01-25,42990 - Construction of other civil engineering projects n.e.c.,,,
13162251,WC1N 3AX,Private Limited Company,Active,United Kingdom,NA,2021-01-27,47510 - Retail sale of textiles in specialised stores,"47530 - Retail sale of carpets, rugs, wall and floor coverings in specialised stores",47710 - Retail sale of clothing in specialised stores,47721 - Retail sale of footwear in specialised stores
13147572,M3 3EB,Private Limited Company,Active,United Kingdom,NA,2021-01-20,62012 - Business and domestic software development,,,
13114076,BN3 1TS,Private Limited Company,Active,United Kingdom,NA,2021-01-05,64991 - Security dealing on own account,,,
13150554,S8 8LT,Private Limited Company,Active,United Kingdom,NA,2021-01-21,"43220 - Plumbing, heat and air-conditioning installation",,,
13120511,WC2H 9JQ,Private Limited Company,Active,United Kingdom,NA,2021-01-07,47910 - Retail sale via mail order houses or via Internet,,,
13127650,EX2 8LB,Private Limited Company,Active,United Kingdom,NA,2021-01-12,96090 - Other service activities n.e.c.,,,
13161431,N1 7GU,Private Limited Company,Active,United Kingdom,NA,2021-01-27,49410 - Freight transport by road,,,
13130899,LA4 4HH,Private Limited Company,Active,United Kingdom,NA,2021-01-13,47910 - Retail sale via mail order houses or via Internet,,,
13151415,N14 6HF,Private Limited Company,Active,United Kingdom,NA,2021-01-22,43999 - Other specialised construction activities n.e.c.,,,
13114664,N1 7GU,Private Limited Company,Active,United Kingdom,NA,2021-01-05,59111 - Motion picture production activities,59112 - Video production activities,59131 - Motion picture distribution activities,59132 - Video distribution activities
13109709,SG7 6NW,Private Limited Company,Active,United Kingdom,NA,2021-01-04,71129 - Other engineering activities,,,
13164079,EC1V 2NX,Private Limited Company,Active,United Kingdom,NA,2021-01-28,90020 - Support activities to performing arts,,,
NI675623,BT34 2GB,Private Limited Company,Active,United Kingdom,NA,2021-01-15,70229 - Management consultancy activities other than financial management,,,
13129791,PE7 8JY,Private Limited Company,Active,United Kingdom,NA,2021-01-12,74202 - Other specialist photography,,,
13127191,BB2 2LT,Private Limited Company,Active,United Kingdom,NA,2021-01-12,47190 - Other retail sale in non-specialised stores,47910 - Retail sale via mail order houses or via Internet,"47990 - Other retail sale not in stores, stalls or markets",
13148307,IP1 3PB,Private Limited Company,Active,United Kingdom,NA,2021-01-20,43390 - Other building completion and finishing,49410 - Freight transport by road,81222 - Specialised cleaning services,
13111179,KT12 5RE,Community Interest Company,Active,United Kingdom,NA,2021-01-04,85590 - Other education n.e.c.,90010 - Performing arts,90020 - Support activities to performing arts,
13156179,GU21 2QY,Private Limited Company,Active,United Kingdom,NA,2021-01-25,41100 - Development of building projects,70229 - Management consultancy activities other than financial management,74901 - Environmental consulting activities,
13149232,EN5 5UJ,Private Limited Company,Active,United Kingdom,NA,2021-01-21,47910 - Retail sale via mail order houses or via Internet,,,
13153902,IG2 7HY,Private Limited Company,Active,United Kingdom,NA,2021-01-25,73110 - Advertising agencies,,,
13141051,NE37 1AG,Private Limited Company,Active,United Kingdom,NA,2021-01-18,25990 - Manufacture of other fabricated metal products n.e.c.,,,
13139278,N12 8QA,Private Limited Company,Active,United Kingdom,NA,2021-01-18,47910 - Retail sale via mail order houses or via Internet,,,
13116855,B3 1BG,Private Limited Company,Active,United Kingdom,NA,2021-01-06,47910 - Retail sale via mail order houses or via Internet,,,
13125785,BS32 8SW,Private Limited Company,Active,United Kingdom,NA,2021-01-11,"47640 - Retail sale of sports goods, fishing gear, camping goods, boats and bicycles",,,
13131179,NE61 5TS,Private Limited Company,Active,United Kingdom,NA,2021-01-13,86210 - General medical practice activities,,,
13108350,OX3 0EN,Private Limited Company,Active,United Kingdom,NA,2021-01-04,31090 - Manufacture of other furniture,,,
13158158,HU6 7RQ,Private Limited Company,Active,United Kingdom,NA,2021-01-26,52290 - Other transportation support activities,,,
SL034765,G3 7PR,Limited Partnership,Active,United Kingdom,NA,2021-01-18,None Supplied,,,
13119677,EC1V 2NX,Private Limited Company,Active,United Kingdom,NA,2021-01-07,70229 - Management consultancy activities other than financial management,,,
13164820,BN1 6LJ,Private Limited Company,Active,United Kingdom,NA,2021-01-28,68100 - Buying and selling of own real estate,68209 - Other letting and operating of own or leased real estate,,
13113141,NN4 7SL,Private Limited Company,Active,United Kingdom,NA,2021-01-05,93110 - Operation of sports facilities,93130 - Fitness facilities,93199 - Other sports activities,96040 - Physical well-being activities
CS004992,,Scottish Charitable Incorporated Organisation,Active,United Kingdom,NA,2021-01-14,None Supplied,,,
13137614,GU28 9HW,Private Limited Company,Active,United Kingdom,NA,2021-01-15,71129 - Other engineering activities,,,
NI675834,BT34 3JZ,Private Limited Company,Active,United Kingdom,NA,2021-01-22,47910 - Retail sale via mail order houses or via Internet,,,
13162478,SW20 0RQ,Private Limited Company,Active,United Kingdom,NA,2021-01-27,82990 - Other business support service activities n.e.c.,,,
13158698,EC1V 2NX,Private Limited Company,Active,United Kingdom,NA,2021-01-26,43999 - Other specialised construction activities n.e.c.,,,
13160929,WC2H 9JQ,Private Limited Company,Active,United Kingdom,NA,2021-01-27,47910 - Retail sale via mail order houses or via Internet,"47990 - Other retail sale not in stores, stalls or markets",,
13165603,NG17 1AT,Private Limited Company,Active,United Kingdom,NA,2021-01-28,56102 - Unlicensed restaurants and cafes,,,
13161105,HA4 7AE,Private Limited Company,Active,United Kingdom,NA,2021-01-27,26110 - Manufacture of electronic components,,,
13163539,PO7 5NE,Private Limited Company,Active,United Kingdom,NA,2021-01-27,62012 - Business and domestic software development,,,
13142785,SW1X 7QA,Private Limited Company,Active,United Kingdom,NA,2021-01-19,70221 - Financial management,,,
13156921,M20 5PB,Private Limited Company,Active,United Kingdom,NA,2021-01-25,68100 - Buying and selling of own real estate,,,
13134518,CO1 2NL,Private Limited Company,Active,United Kingdom,NA,2021-01-14,43999 - Other specialised construction activities n.e.c.,,,
13155885,RG1 8EU,Private Limited Company,Active,United Kingdom,NA,2021-01-25,43210 - Electrical installation,,,
13115951,SW14 8PR,Private Limited Company,Active,United Kingdom,NA,2021-01-06,96090 - Other service activities n.e.c.,,,
13112452,PR3 1NJ,Private Limited Company,Active,United Kingdom,NA,2021-01-05,62012 - Business and domestic software development,,,
13127708,WF1 3QE,Private Limited Company,Active,United Kingdom,NA,2021-01-12,86101 - Hospital activities,,,
13161914,SL9 7PF,Private Limited Company,Active,United Kingdom,NA,2021-01-27,"47990 - Other retail sale not in stores, stalls or markets",,,
13115979,TS7 8QG,Private Limited Company,Active,United Kingdom,NA,2021-01-06,43290 - Other construction installation,,,
13146530,N19 3XT,Private Limited Company,Active,United Kingdom,NA,2021-01-20,81210 - General cleaning of buildings,,,
13145988,LU7 0TG,Private Limited Company,Active,United Kingdom,NA,2021-01-20,47750 - Retail sale of cosmetic and toilet articles in specialised stores,,,
13117157,SW12 8HA,Private Limited Company,Active,United Kingdom,NA,2021-01-06,74901 - Environmental consulting activities,,,
13132119,UB3 5DX,Private Limited Company,Active,United Kingdom,NA,2021-01-13,"47990 - Other retail sale not in stores, stalls or markets",,,
13146718,LS17 7SX,Private Limited Company,Active,United Kingdom,NA,2021-01-20,68100 - Buying and selling of own real estate,68201 - Renting and operating of Housing Association real estate,68209 - Other letting and operating of own or leased real estate,68320 - Management of real estate on a fee or contract basis
13113215,FY1 3LS,Private Limited Company,Active,United Kingdom,NA,2021-01-05,43999 - Other specialised construction activities n.e.c.,,,
13122259,PE19 5GG,Private Limited Company,Active,United Kingdom,NA,2021-01-08,78109 - Other activities of employment placement agencies,,,
13155043,NE23 6TL,Private Limited Company,Active,United Kingdom,NA,2021-01-25,31090 - Manufacture of other furniture,,,
13141892,E8 3DP,Private Limited Company,Active,United Kingdom,NA,2021-01-18,"74909 - Other professional, scientific and technical activities n.e.c.",,,
13147823,DN16 3JY,Private Limited Company,Active,United Kingdom,NA,2021-01-20,86210 - General medical practice activities,,,
13108480,L8 9RP,Private Limited Company,Active,United Kingdom,NA,2021-01-04,41100 - Development of building projects,,,
13158454,E16 1YL,Private Limited Company,Active,United Kingdom,NA,2021-01-26,"74909 - Other professional, scientific and technical activities n.e.c.",,,
13130027,WC2H 9JQ,Private Limited Company,Active,United Kingdom,NA,2021-01-13,47910 - Retail sale via mail order houses or via Internet,,,
13156994,WC1N 3AX,Private Limited Company,Active,United Kingdom,NA,2021-01-25,99999 - Dormant Company,,,
13131322,SK5 7DL,Private Limited Company,Active,United Kingdom,NA,2021-01-13,96090 - Other service activities n.e.c.,,,
13156888,LS7 3NE,Private Limited Company,Active,United Kingdom,NA,2021-01-25,01270 - Growing of beverage crops,13200 - Weaving of textiles,47710 - Retail sale of clothing in specialised stores,
13145961,PL15 8EP,Community Interest Company,Active,United Kingdom,NA,2021-01-20,96090 - Other service activities n.e.c.,,,
13140338,CV6 4EG,Private Limited Company,Active,United Kingdom,NA,2021-01-18,"47990 - Other retail sale not in stores, stalls or markets",,,
13137573,CM2 0AW,Private Limited Company,Active,United Kingdom,NA,2021-01-15,68100 - Buying and selling of own real estate,68209 - Other letting and operating of own or leased real estate,,
13159095,TS18 1NS,Private Limited Company,Active,United Kingdom,NA,2021-01-26,"46341 - Wholesale of fruit and vegetable juices, mineral water and soft drinks",,,
13165249,CF83 1JT,Private Limited Company,Active,United Kingdom,NA,2021-01-28,56210 - Event catering activities,,,
13122026,SE24 0LY,Private Limited Company,Active,United Kingdom,NA,2021-01-08,47910 - Retail sale via mail order houses or via Internet,90030 - Artistic creation,,
13124961,NW2 1UR,Private Limited Company,Active,United Kingdom,NA,2021-01-11,62090 - Other information technology service activities,,,
13164446,CT6 7GQ,Private Limited Company,Active,United Kingdom,NA,2021-01-28,69201 - Accounting and auditing activities,69202 - Bookkeeping activities,,
13167542,HA0 1BL,Private Limited Company,Active,United Kingdom,NA,2021-01-29,47910 - Retail sale via mail order houses or via Internet,,,
13117753,WF12 8HS,Private Limited Company,Active,United Kingdom,NA,2021-01-06,88100 - Social work activities without accommodation for the elderly and disabled,,,
13166107,N9 9EX,Private Limited Company,Active,United Kingdom,NA,2021-01-28,68100 - Buying and selling of own real estate,,,
13110147,WA16 8AF,Private Limited Company,Active,United Kingdom,NA,2021-01-04,47910 - Retail sale via mail order houses or via Internet,58210 - Publishing of computer games,62011 - Ready-made interactive leisure and entertainment software development,
13147009,NG5 2EF,Private Limited Company,Active,United Kingdom,NA,2021-01-20,56103 - Take-away food shops and mobile food stands,,,
13136723,RG12 8YU,Private Limited Company,Active,United Kingdom,NA,2021-01-15,09900 - Support activities for other mining and quarrying,,,
13153663,GU16 6GD,Private Limited Company,Active,United Kingdom,NA,2021-01-25,68209 - Other letting and operating of own or leased real estate,,,
13116001,EC1V 2NX,Private Limited Company,Active,United Kingdom,NA,2021-01-06,47510 - Retail sale of textiles in specialised stores,47710 - Retail sale of clothing in specialised stores,47910 - Retail sale via mail order houses or via Internet,
13149034,W5 5HT,Private Limited Company,Active,United Kingdom,NA,2021-01-21,68100 - Buying and selling of own real estate,68209 - Other letting and operating of own or leased real estate,,
13124271,BD20 0LG,Private Limited Company,Active,United Kingdom,NA,2021-01-11,93130 - Fitness facilities,,,
13167683,NN6 8JD,Private Limited Company,Active,United Kingdom,NA,2021-01-29,93199 - Other sports activities,,,
13123686,NN1 5ST,Private Limited Company,Active,United Kingdom,NA,2021-01-11,"87200 - Residential care activities for learning difficulties, mental health and substance abuse",,,
13130820,N1 7GU,"PRI/LTD BY GUAR/NSC (Private, limited by guarantee, no share capital)",Active,United Kingdom,NA,2021-01-13,64209 - Activities of other holding companies n.e.c.,,,
13156254,CH43 6TL,Private Limited Company,Active,United Kingdom,NA,2021-01-25,45112 - Sale of used cars and light motor vehicles,,,
13129152,BN2 8FB,Private Limited Company,Active,United Kingdom,NA,2021-01-12,56210 - Event catering activities,,,
13120673,M14 5HZ,Private Limited Company,Active,United Kingdom,NA,2021-01-07,96090 - Other service activities n.e.c.,,,
SC686293,KY11 8TJ,Private Limited Company,Active,United Kingdom,NA,2021-01-18,49410 - Freight transport by road,,,
13124693,RM9 4HA,Private Limited Company,Active,United Kingdom,NA,2021-01-11,43341 - Painting,,,
13130555,NW10 4NS,Private Limited Company,Active,United Kingdom,NA,2021-01-13,68310 - Real estate agencies,,,
13137249,M45 6WD,Private Limited Company,Active,United Kingdom,NA,2021-01-15,68209 - Other letting and operating of own or leased real estate,,,
13137623,IP32 7AJ,Private Limited Company,Active,United Kingdom,NA,2021-01-15,47710 - Retail sale of clothing in specialised stores,,,
13128574,NE28 6HQ,Private Limited Company,Active,United Kingdom,NA,2021-01-12,96090 - Other service activities n.e.c.,,,
13141072,SA62 6EN,Private Limited Company,Active,United Kingdom,NA,2021-01-18,88990 - Other social work activities without accommodation n.e.c.,,,
13110208,KT14 7LW,Private Limited Company,Active,United Kingdom,NA,2021-01-04,46410 - Wholesale of textiles,47910 - Retail sale via mail order houses or via Internet,,
13114160,GL1 4EN,Private Limited Company,Active,United Kingdom,NA,2021-01-05,"47110 - Retail sale in non-specialised stores with food, beverages or tobacco predominating",,,
13134622,EC1N 8LE,Private Limited Company,Active,United Kingdom,NA,2021-01-14,59200 - Sound recording and music publishing activities,,,
13126578,WC1N 3AX,Private Limited Company,Active,United Kingdom,NA,2021-01-11,"74909 - Other professional, scientific and technical activities n.e.c.",,,
13110520,SE4 1ES,Private Limited Company,Active,United Kingdom,NA,2021-01-04,68320 - Management of real estate on a fee or contract basis,,,
13166470,WC2H 9JQ,Private Limited Company,Active,United Kingdom,NA,2021-01-29,47910 - Retail sale via mail order houses or via Internet,,,
CE024580,,Charitable Incorporated Organisation,Active,United Kingdom,NA,2021-01-12,None Supplied,,,
SC685226,KA24 5DW,Private Limited Company,Active,United Kingdom,NA,2021-01-07,82990 - Other business support service activities n.e.c.,,,
13119689,CV1 2DD,Private Limited Company,Active,United Kingdom,NA,2021-01-07,62090 - Other information technology service activities,74100 - specialised design activities,,
13138866,WD24 4YY,Private Limited Company,Active,United Kingdom,NA,2021-01-18,45200 - Maintenance and repair of motor vehicles,,,
13143233,EX1 1PJ,Private Limited Company,Active,United Kingdom,NA,2021-01-19,45310 - Wholesale trade of motor vehicle parts and accessories,,,
13136565,WC2H 9JQ,Private Limited Company,Active,United Kingdom,NA,2021-01-15,45190 - Sale of other motor vehicles,45200 - Maintenance and repair of motor vehicles,,
13156149,UB7 9QL,Private Limited Company,Active,United Kingdom,NA,2021-01-25,46320 - Wholesale of meat and meat products,"46330 - Wholesale of dairy products, eggs and edible oils and fats","46341 - Wholesale of fruit and vegetable juices, mineral water and soft drinks",
13110093,RM16 6EN,Private Limited Company,Active,United Kingdom,NA,2021-01-04,56210 - Event catering activities,,,
13154136,WA14 4RW,Private Limited Company,Active,United Kingdom,NA,2021-01-25,"74909 - Other professional, scientific and technical activities n.e.c.",,,
13160436,BH20 6NA,Private Limited Company,Active,United Kingdom,NA,2021-01-26,43330 - Floor and wall covering,,,
13137428,TS10 2RU,Private Limited Company,Active,United Kingdom,NA,2021-01-15,70229 - Management consultancy activities other than financial management,,,
13117328,N1 7GU,Private Limited Company,Active,United Kingdom,NA,2021-01-06,"43220 - Plumbing, heat and air-conditioning installation",,,
13144583,SW8 2RL,Private Limited Company,Active,United Kingdom,NA,2021-01-19,64209 - Activities of other holding companies n.e.c.,,,
13142157,NW10 7XP,Private Limited Company,Active,United Kingdom,NA,2021-01-18,46900 - Non-specialised wholesale trade,,,
13131916,WF12 0AH,Private Limited Company,Active,United Kingdom,NA,2021-01-13,47749 - Retail sale of medical and orthopaedic goods in specialised stores (not incl. hearing aids) n.e.c.,86900 - Other human health activities,,
13155002,HR6 9QY,Private Limited Company,Active,United Kingdom,NA,2021-01-25,86900 - Other human health activities,87300 - Residential care activities for the elderly and disabled,,
13132828,OL7 0PZ,Private Limited Company,Active,United Kingdom,NA,2021-01-13,62020 - Information technology consultancy activities,69201 - Accounting and auditing activities,69202 - Bookkeeping activities,69203 - Tax consultancy
13148706,W8 6PJ,Private Limited Company,Active,United Kingdom,NA,2021-01-21,41201 - Construction of commercial buildings,41202 - Construction of domestic buildings,43290 - Other construction installation,
13152598,BH5 2HT,Private Limited Company,Active,United Kingdom,NA,2021-01-22,41100 - Development of building projects,,,
13153096,BN3 1HA,Private Limited Company,Active,United Kingdom,NA,2021-01-22,95220 - Repair of household appliances and home and garden equipment,,,
CE024514,,Charitable Incorporated Organisation,Active,United Kingdom,NA,2021-01-06,None Supplied,,,
13119432,SE6 4RW,Private Limited Company,Active,United Kingdom,NA,2021-01-07,86102 - Medical nursing home activities,,,
13126490,E2 9EQ,Private Limited Company,Active,United Kingdom,NA,2021-01-11,96020 - Hairdressing and other beauty treatment,,,
13111190,M40 7QX,Private Limited Company,Active,United Kingdom,NA,2021-01-04,43341 - Painting,,,
13150823,PO15 5SH,Private Limited Company,Active,United Kingdom,NA,2021-01-21,64301 - Activities of investment trusts,68209 - Other letting and operating of own or leased real estate,,
SC686775,G3 7RH,Private Limited Company,Active,United Kingdom,NA,2021-01-22,68209 - Other letting and operating of own or leased real estate,,,
13130860,DE22 3RA,Private Limited Company,Active,United Kingdom,NA,2021-01-13,49410 - Freight transport by road,,,
13144096,SS0 8BN,Private Limited Company,Active,United Kingdom,NA,2021-01-19,68100 - Buying and selling of own real estate,,,
13152518,KT17 4RH,Private Limited Company,Active,United Kingdom,NA,2021-01-22,"47240 - Retail sale of bread, cakes, flour confectionery and sugar confectionery in specialised stores",,,
13155371,WN8 8NY,Private Limited Company,Active,United Kingdom,NA,2021-01-25,49410 - Freight transport by road,70229 - Management consultancy activities other than financial management,77120 - Renting and leasing of trucks and other heavy vehicles,
13122615,OX33 1HF,Private Limited Company,Active,United Kingdom,NA,2021-01-08,27900 - Manufacture of other electrical equipment,,,
13115277,DH5 8BY,"PRI/LTD BY GUAR/NSC (Private, limited by guarantee, no share capital)",Active,United Kingdom,NA,2021-01-06,93120 - Activities of sport clubs,,,
13121390,SA71 5AT,Private Limited Company,Active,United Kingdom,NA,2021-01-08,64991 - Security dealing on own account,66120 - Security and commodity contracts dealing activities,,
13165178,WC2A 2JR,Private Limited Company,Active,United Kingdom,NA,2021-01-28,47910 - Retail sale via mail order houses or via Internet,82990 - Other business support service activities n.e.c.,,
13111191,NW1 0HX,Community Interest Company,Active,United Kingdom,NA,2021-01-04,85510 - Sports and recreation education,,,
13139032,HP20 1FZ,Private Limited Company,Active,United Kingdom,NA,2021-01-18,46420 - Wholesale of clothing and footwear,,,
13166882,PE1 5ED,Private Limited Company,Active,United Kingdom,NA,2021-01-29,86900 - Other human health activities,,,
13165387,CV31 1XT,"PRI/LTD BY GUAR/NSC (Private, limited by guarantee, no share capital)",Active,United Kingdom,NA,2021-01-28,63990 - Other information service activities n.e.c.,72200 - Research and experimental development on social sciences and humanities,"74909 - Other professional, scientific and technical activities n.e.c.",
13123187,PR1 8NA,Private Limited Company,Active,United Kingdom,NA,2021-01-08,99999 - Dormant Company,,,
13109399,SS16 5EJ,Private Limited Company,Active,United Kingdom,NA,2021-01-04,86220 - Specialists medical practice activities,86900 - Other human health activities,,
13150317,N1 7GU,Private Limited Company,Active,United Kingdom,NA,2021-01-21,81210 - General cleaning of buildings,,,
13152719,RH2 9AE,Private Limited Company,Active,United Kingdom,NA,2021-01-22,73110 - Advertising agencies,,,
13117876,NN1 5DL,Private Limited Company,Active,United Kingdom,NA,2021-01-06,82301 - Activities of exhibition and fair organisers,,,
13141593,SE18 3DN,Private Limited Company,Active,United Kingdom,NA,2021-01-18,81222 - Specialised cleaning services,81299 - Other cleaning services,,
SC686257,DD10 9DF,Private Limited Company,Active - Proposal to Strike off,United Kingdom,NA,2021-01-18,96020 - Hairdressing and other beauty treatment,,,
13156595,WC1N 3AX,Private Limited Company,Active,United Kingdom,NA,2021-01-25,64209 - Activities of other holding companies n.e.c.,,,
13135086,SK6 6DE,Private Limited Company,Active,United Kingdom,NA,2021-01-14,56101 - Licensed restaurants,,,
13111117,SN6 6LX,Private Limited Company,Active,United Kingdom,NA,2021-01-04,56210 - Event catering activities,,,
13150613,BN43 6GA,Private Limited Company,Active,United Kingdom,NA,2021-01-21,56103 - Take-away food shops and mobile food stands,,,
13114816,N1 7GU,Private Limited Company,Active,United Kingdom,NA,2021-01-05,38120 - Collection of hazardous waste,,,
13124139,SE9 5DR,Private Limited Company,Active,United Kingdom,NA,2021-01-11,56101 - Licensed restaurants,,,
13161328,IG1 2TP,Private Limited Company,Active,United Kingdom,NA,2021-01-27,47910 - Retail sale via mail order houses or via Internet,,,
13115390,NR31 0PG,Private Limited Company,Active,United Kingdom,NA,2021-01-06,56101 - Licensed restaurants,,,
13133892,NE388PF,Private Limited Company,Active,United Kingdom,NA,2021-01-14,47910 - Retail sale via mail order houses or via Internet,,,
13138879,NG5 4PH,Private Limited Company,Active,United Kingdom,NA,2021-01-18,42990 - Construction of other civil engineering projects n.e.c.,,,
13121782,LE3 2FR,Private Limited Company,Active,United Kingdom,NA,2021-01-08,49410 - Freight transport by road,,,
SC686264,PA16 0AN,Private Limited Company,Active,United Kingdom,NA,2021-01-18,60100 - Radio broadcasting,,,
13163938,SW1Y 4AJ,Private Limited Company,Active,United Kingdom,NA,2021-01-28,82990 - Other business support service activities n.e.c.,,,
13157249,WC2H 9JQ,Private Limited Company,Active,United Kingdom,NA,2021-01-25,62012 - Business and domestic software development,63120 - Web portals,79110 - Travel agency activities,79120 - Tour operator activities
SC686235,KA12 8PR,Private Limited Company,Active,United Kingdom,NA,2021-01-18,90030 - Artistic creation,,,
13114544,GU22 9DA,Private Limited Company,Active,United Kingdom,NA,2021-01-05,47910 - Retail sale via mail order houses or via Internet,,,
13162748,SW9 8PL,Private Limited Company,Active,United Kingdom,NA,2021-01-27,64209 - Activities of other holding companies n.e.c.,,,
13161699,LA5 0TP,Private Limited Company,Active,United Kingdom,NA,2021-01-27,98000 - Residents property management,,,
SC685101,EH9 3JG,Private Limited Company,Active,United Kingdom,NA,2021-01-06,93199 - Other sports activities,,,
13119186,SW19 8GU,Private Limited Company,Active,United Kingdom,NA,2021-01-07,96020 - Hairdressing and other beauty treatment,,,
13159557,EC1V 2NX,Private Limited Company,Active,United Kingdom,NA,2021-01-26,68310 - Real estate agencies,,,
13117121,FY8 5DP,Private Limited Company,Active,United Kingdom,NA,2021-01-06,46190 - Agents involved in the sale of a variety of goods,,,
13150482,W1U 7DJ,Private Limited Company,Active,United Kingdom,NA,2021-01-21,98000 - Residents property management,,,
13145869,LE2 4LE,Private Limited Company,Active,United Kingdom,NA,2021-01-20,86900 - Other human health activities,,,
13109657,W1W 7LT,Community Interest Company,Active,United Kingdom,NA,2021-01-04,86900 - Other human health activities,,,
13133928,EC1M 4JN,Private Limited Company,Active,United Kingdom,NA,2021-01-14,85590 - Other education n.e.c.,,,
13122312,HX3 6RJ,Private Limited Company,Active,United Kingdom,NA,2021-01-08,47910 - Retail sale via mail order houses or via Internet,,,
13154762,B70 0JT,Private Limited Company,Active,United Kingdom,NA,2021-01-25,49410 - Freight transport by road,,,
13160729,NG31 9SR,Private Limited Company,Active,United Kingdom,NA,2021-01-27,96090 - Other service activities n.e.c.,,,
13113600,B66 2AA,Private Limited Company,Active,United Kingdom,NA,2021-01-05,82990 - Other business support service activities n.e.c.,87900 - Other residential care activities n.e.c.,,
13110565,SK14 6JJ,Private Limited Company,Active,United Kingdom,NA,2021-01-04,68209 - Other letting and operating of own or leased real estate,,,
13144838,GL7 6JJ,Private Limited Company,Active,United Kingdom,NA,2021-01-19,"74909 - Other professional, scientific and technical activities n.e.c.",,,
13165897,BS5 0YB,Private Limited Company,Active,United Kingdom,NA,2021-01-28,68100 - Buying and selling of own real estate,68209 - Other letting and operating of own or leased real estate,,
13152958,EN6 1TL,Private Limited Company,Active,United Kingdom,NA,2021-01-22,68209 - Other letting and operating of own or leased real estate,,,
13108286,BD3 9HA,Private Limited Company,Active,United Kingdom,NA,2021-01-04,38110 - Collection of non-hazardous waste,,,
13166143,HA7 1JE,Private Limited Company,Active,United Kingdom,NA,2021-01-29,43999 - Other specialised construction activities n.e.c.,,,
13110839,CB2 9GE,Private Limited Company,Active,United Kingdom,NA,2021-01-04,41202 - Construction of domestic buildings,42990 - Construction of other civil engineering projects n.e.c.,,
OC435118,W1K 5DR,Limited Liability Partnership,Active,United Kingdom,NA,2021-01-18,None Supplied,,,
13129018,TN9 2AL,Private Limited Company,Active,United Kingdom,NA,2021-01-12,64922 - Activities of mortgage finance companies,,,
13140882,HA8 5DA,Private Limited Company,Active,United Kingdom,NA,2021-01-18,47910 - Retail sale via mail order houses or via Internet,,,
13140381,L9 6AN,Private Limited Company,Active,United Kingdom,NA,2021-01-18,47910 - Retail sale via mail order houses or via Internet,,,
13131915,NN11 8JZ,Private Limited Company,Active,United Kingdom,NA,2021-01-13,45200 - Maintenance and repair of motor vehicles,,,
SC686972,G64 4HQ,Private Limited Company,Active,United Kingdom,NA,2021-01-25,62020 - Information technology consultancy activities,,,
13155220,WC2H 9JQ,Private Limited Company,Active,United Kingdom,NA,2021-01-25,52290 - Other transportation support activities,,,
SC687561,TD14 5QA,Private Limited Company,Active,United Kingdom,NA,2021-01-29,74901 - Environmental consulting activities,,,
13122898,ST18 0GW,Private Limited Company,Active,United Kingdom,NA,2021-01-08,62020 - Information technology consultancy activities,,,
SC684889,DD2 5LL,Private Limited Company,Active,United Kingdom,NA,2021-01-05,41201 - Construction of commercial buildings,,,
13134830,B66 1QZ,Private Limited Company,Active,United Kingdom,NA,2021-01-14,32120 - Manufacture of jewellery and related articles,,,
13120218,HP10 8HU,Private Limited Company,Active,United Kingdom,NA,2021-01-07,66190 - Activities auxiliary to financial intermediation n.e.c.,,,
13146653,BS15 3FR,Private Limited Company,Active,United Kingdom,NA,2021-01-20,95240 - Repair of furniture and home furnishings,,,
13159534,N9 8DL,Community Interest Company,Active,United Kingdom,NA,2021-01-26,88990 - Other social work activities without accommodation n.e.c.,,,
13147492,BA3 3ST,Private Limited Company,Active,United Kingdom,NA,2021-01-20,47710 - Retail sale of clothing in specialised stores,,,
13159255,LL15 1RD,Private Limited Company,Active,United Kingdom,NA,2021-01-26,68209 - Other letting and operating of own or leased real estate,,,
13147622,FY4 5FS,Private Limited Company,Active,United Kingdom,NA,2021-01-20,70221 - Financial management,,,
13126012,W11 3JE,Private Limited Company,Active,United Kingdom,NA,2021-01-11,47770 - Retail sale of watches and jewellery in specialised stores,,,
13123273,OL16 5BX,Private Limited Company,Active,United Kingdom,NA,2021-01-08,68100 - Buying and selling of own real estate,,,
13114930,N15 5EA,Private Limited Company,Active,United Kingdom,NA,2021-01-05,70229 - Management consultancy activities other than financial management,71111 - Architectural activities,74100 - specialised design activities,
13168516,CF11 7AW,Private Limited Company,Active,United Kingdom,NA,2021-01-29,74990 - Non-trading company,,,
13137301,DT9 5HE,Private Limited Company,Active,United Kingdom,NA,2021-01-15,47710 - Retail sale of clothing in specialised stores,,,
13126844,B8 1NE,Private Limited Company,Active,United Kingdom,NA,2021-01-11,"74909 - Other professional, scientific and technical activities n.e.c.",,,
13163443,TR7 2HG,Private Limited Company,Active,United Kingdom,NA,2021-01-27,56210 - Event catering activities,,,
13134623,BN14 7BL,Private Limited Company,Active,United Kingdom,NA,2021-01-14,70229 - Management consultancy activities other than financial management,,,
13155445,SW17 0RF,Private Limited Company,Active,United Kingdom,NA,2021-01-25,"47990 - Other retail sale not in stores, stalls or markets",,,
13155978,BA11 4EN,Private Limited Company,Active,United Kingdom,NA,2021-01-25,68320 - Management of real estate on a fee or contract basis,,,
13108928,SW15 5JU,Private Limited Company,Active,United Kingdom,NA,2021-01-04,86220 - Specialists medical practice activities,,,
13161871,TN5 7QP,Private Limited Company,Active,United Kingdom,NA,2021-01-27,"47760 - Retail sale of flowers, plants, seeds, fertilizers, pet animals and pet food in specialised stores",,,
13113764,B45 0DH,Private Limited Company,Active,United Kingdom,NA,2021-01-05,43210 - Electrical installation,,,
13108349,RM10 7AB,Private Limited Company,Active,United Kingdom,NA,2021-01-04,68100 - Buying and selling of own real estate,68209 - Other letting and operating of own or leased real estate,,
13125851,WC2H 9JQ,Private Limited Company,Active,United Kingdom,NA,2021-01-11,45190 - Sale of other motor vehicles,45310 - Wholesale trade of motor vehicle parts and accessories,,
13122456,S3 7AR,Private Limited Company,Active,United Kingdom,NA,2021-01-08,"43220 - Plumbing, heat and air-conditioning installation",,,
13121080,WC2H 9JQ,Private Limited Company,Active,United Kingdom,NA,2021-01-08,47910 - Retail sale via mail order houses or via Internet,,,
13162378,EC2A 4NE,Private Limited Company,Active,United Kingdom,NA,2021-01-27,47799 - Retail sale of other second-hand goods in stores (not incl. antiques),,,
13138902,KT12 3PD,Private Limited Company,Active,United Kingdom,NA,2021-01-18,70229 - Management consultancy activities other than financial management,,,
13137888,NG31 9SW,Private Limited Company,Active,United Kingdom,NA,2021-01-15,56101 - Licensed restaurants,,,
13140441,CV35 9TX,Private Limited Company,Active,United Kingdom,NA,2021-01-18,47910 - Retail sale via mail order houses or via Internet,,,
13148447,WA14 2DT,Private Limited Company,Active,United Kingdom,NA,2021-01-20,64209 - Activities of other holding companies n.e.c.,,,
13144860,WA8 7LF,Private Limited Company,Active,United Kingdom,NA,2021-01-19,49410 - Freight transport by road,,,
13136397,NE29 8PL,Private Limited Company,Active,United Kingdom,NA,2021-01-15,47190 - Other retail sale in non-specialised stores,,,
13138146,SO14 7EB,Private Limited Company,Active,United Kingdom,NA,2021-01-15,96090 - Other service activities n.e.c.,,,
13164445,CB24 3BF,Private Limited Company,Active,United Kingdom,NA,2021-01-28,79110 - Travel agency activities,,,
13138220,TW13 4DF,Private Limited Company,Active,United Kingdom,NA,2021-01-18,45320 - Retail trade of motor vehicle parts and accessories,,,
13110807,ST4 4EL,Private Limited Company,Active,United Kingdom,NA,2021-01-04,49410 - Freight transport by road,49420 - Removal services,52290 - Other transportation support activities,53201 - Licensed carriers
13125951,SA8 4LW,Private Limited Company,Active,United Kingdom,NA,2021-01-11,70229 - Management consultancy activities other than financial management,71122 - Engineering related scientific and technical consulting activities,,
13157468,W1T 6LQ,Private Limited Company,Active,United Kingdom,NA,2021-01-25,64999 - Financial intermediation not elsewhere classified,,,
13119287,E11 1DZ,Private Limited Company,Active,United Kingdom,NA,2021-01-07,47910 - Retail sale via mail order houses or via Internet,,,
13126269,HP2 4FE,Private Limited Company,Active,United Kingdom,NA,2021-01-11,56290 - Other food services,,,
13162934,PO19 8FX,Private Limited Company,Active,United Kingdom,NA,2021-01-27,85320 - Technical and vocational secondary education,,,
13154622,EC2A 4NE,Private Limited Company,Active,United Kingdom,NA,2021-01-25,85590 - Other education n.e.c.,,,
13143444,WC2H 9JQ,Private Limited Company,Active,United Kingdom,NA,2021-01-19,87900 - Other residential care activities n.e.c.,,,
13152458,PO20 8PS,Private Limited Company,Active,United Kingdom,NA,2021-01-22,96090 - Other service activities n.e.c.,,,
13115413,SL4 3AS,Private Limited Company,Active,United Kingdom,NA,2021-01-06,41100 - Development of building projects,41201 - Construction of commercial buildings,,
NI675437,"BT81 7HZ,",Private Limited Company,Active,United Kingdom,NA,2021-01-08,82990 - Other business support service activities n.e.c.,,,
13162561,WC2H 9JQ,Private Limited Company,Active,United Kingdom,NA,2021-01-27,45190 - Sale of other motor vehicles,45200 - Maintenance and repair of motor vehicles,,
13146114,LN2 2HG,Private Limited Company,Active,United Kingdom,NA,2021-01-20,43999 - Other specialised construction activities n.e.c.,,,
13117134,EC1V 2NX,Private Limited Company,Active,United Kingdom,NA,2021-01-06,86900 - Other human health activities,,,
13147522,LS1 2JT,Private Limited Company,Active,United Kingdom,NA,2021-01-20,68209 - Other letting and operating of own or leased real estate,,,
CE024535,,Charitable Incorporated Organisation,Active,United Kingdom,NA,2021-01-07,None Supplied,,,
13131196,CV23 0SU,Private Limited Company,Active,United Kingdom,NA,2021-01-13,77320 - Renting and leasing of construction and civil engineering machinery and equipment,,,
13130693,HD2 1RD,Private Limited Company,Active,United Kingdom,NA,2021-01-13,"47110 - Retail sale in non-specialised stores with food, beverages or tobacco predominating",,,
13133229,IG10 2QZ,Private Limited Company,Active,United Kingdom,NA,2021-01-14,96090 - Other service activities n.e.c.,,,
13168712,M1 2JQ,Private Limited Company,Active,United Kingdom,NA,2021-01-30,53201 - Licensed carriers,53202 - Unlicensed carrier,,
13126295,N1 7SR,Private Limited Company,Active,United Kingdom,NA,2021-01-11,47910 - Retail sale via mail order houses or via Internet,,,
13142903,BN21 3TZ,Private Limited Company,Active,United Kingdom,NA,2021-01-19,62012 - Business and domestic software development,62020 - Information technology consultancy activities,,
13113674,SE18 4DU,Private Limited Company,Active,United Kingdom,NA,2021-01-05,56103 - Take-away food shops and mobile food stands,,,
13123673,N1 7GU,Private Limited Company,Active,United Kingdom,NA,2021-01-11,62020 - Information technology consultancy activities,,,
13142788,HA8 7DB,Private Limited Company,Active,United Kingdom,NA,2021-01-19,64209 - Activities of other holding companies n.e.c.,,,
13126172,CR90 9UQ,Private Limited Company,Active,United Kingdom,NA,2021-01-11,70229 - Management consultancy activities other than financial management,,,
13120450,BH16 6FA,Private Limited Company,Active,United Kingdom,NA,2021-01-07,47910 - Retail sale via mail order houses or via Internet,"47990 - Other retail sale not in stores, stalls or markets",,
13123060,WR8 0NJ,Private Limited Company,Active - Proposal to Strike off,United Kingdom,NA,2021-01-08,45200 - Maintenance and repair of motor vehicles,,,
13167579,OX4 3RZ,Private Limited Company,Active,United Kingdom,NA,2021-01-29,47910 - Retail sale via mail order houses or via Internet,,,
13163349,N3 1LP,Private Limited Company,Active,United Kingdom,NA,2021-01-27,68100 - Buying and selling of own real estate,,,
CE024665,,Charitable Incorporated Organisation,Active,United Kingdom,NA,2021-01-22,None Supplied,,,
13130869,SL9 7NU,Private Limited Company,Active,United Kingdom,NA,2021-01-13,47910 - Retail sale via mail order houses or via Internet,,,
13127128,WC2H 9JQ,Private Limited Company,Active,United Kingdom,NA,2021-01-12,"47990 - Other retail sale not in stores, stalls or markets",,,
13167833,L9 4RE,Private Limited Company,Active,United Kingdom,NA,2021-01-29,47190 - Other retail sale in non-specialised stores,,,
13131109,S5 7WD,Private Limited Company,Active,United Kingdom,NA,2021-01-13,86900 - Other human health activities,,,
13154594,N4 3RU,Private Limited Company,Active,United Kingdom,NA,2021-01-25,47781 - Retail sale in commercial art galleries,,,
13159244,E1 6RL,Private Limited Company,Active,United Kingdom,NA,2021-01-26,56103 - Take-away food shops and mobile food stands,,,
13134060,TW3 1YH,Private Limited Company,Active,United Kingdom,NA,2021-01-14,73110 - Advertising agencies,,,
13153976,BH2 5EF,Private Limited Company,Active,United Kingdom,NA,2021-01-25,70229 - Management consultancy activities other than financial management,,,
13162156,SE13 7BU,Private Limited Company,Active,United Kingdom,NA,2021-01-27,47910 - Retail sale via mail order houses or via Internet,,,
13157171,E11 3NL,Private Limited Company,Active,United Kingdom,NA,2021-01-25,49410 - Freight transport by road,,,
13135223,B28 0BX,Private Limited Company,Active,United Kingdom,NA,2021-01-14,69102 - Solicitors,,,
13144595,CV2 1AP,Private Limited Company,Active,United Kingdom,NA,2021-01-19,56210 - Event catering activities,,,
13153411,CH47 9RE,Community Interest Company,Active,United Kingdom,NA,2021-01-25,01500 - Mixed farming,85520 - Cultural education,86900 - Other human health activities,
13139859,LU7 9LS,Private Limited Company,Active,United Kingdom,NA,2021-01-18,73120 - Media representation services,,,
13115141,DH8 6NH,Private Limited Company,Active,United Kingdom,NA,2021-01-06,49410 - Freight transport by road,,,
13164458,TA20 1HG,Private Limited Company,Active,United Kingdom,NA,2021-01-28,56103 - Take-away food shops and mobile food stands,,,
13165898,W1D 4EG,Private Limited Company,Active,United Kingdom,NA,2021-01-28,64921 - Credit granting by non-deposit taking finance houses and other specialist consumer credit grantors,,,
13109717,KT8 9EB,Private Limited Company,Active,United Kingdom,NA,2021-01-04,41202 - Construction of domestic buildings,,,
13119198,CM9 5DY,Private Limited Company,Active,United Kingdom,NA,2021-01-07,41202 - Construction of domestic buildings,,,
13154273,TA20 2TG,Private Limited Company,Active,United Kingdom,NA,2021-01-25,43210 - Electrical installation,43390 - Other building completion and finishing,95220 - Repair of household appliances and home and garden equipment,
13154107,NW2 7BR,Private Limited Company,Active,United Kingdom,NA,2021-01-25,80100 - Private security activities,80200 - Security systems service activities,81100 - Combined facilities support activities,
13149005,PO19 1UF,Private Limited Company,Active,United Kingdom,NA,2021-01-21,93199 - Other sports activities,,,
13164979,BS48 1UR,Private Limited Company,Active,United Kingdom,NA,2021-01-28,85590 - Other education n.e.c.,,,
13110231,ST2 7AU,Private Limited Company,Active,United Kingdom,NA,2021-01-04,"46470 - Wholesale of furniture, carpets and lighting equipment",47429 - Retail sale of telecommunications equipment other than mobile telephones,47710 - Retail sale of clothing in specialised stores,47910 - Retail sale via mail order houses or via Internet
13151210,GU16 6PU,Private Limited Company,Active,United Kingdom,NA,2021-01-21,85520 - Cultural education,,,
13127606,W3 8DN,Private Limited Company,Active,United Kingdom,NA,2021-01-12,21100 - Manufacture of basic pharmaceutical products,,,
CE024630,,Charitable Incorporated Organisation,Active,United Kingdom,NA,2021-01-18,None Supplied,,,
13123493,E16 2DQ,Private Limited Company,Active,United Kingdom,NA,2021-01-08,78109 - Other activities of employment placement agencies,,,
13154686,E1 2HP,Private Limited Company,Active,United Kingdom,NA,2021-01-25,68320 - Management of real estate on a fee or contract basis,,,
RS008547,,Registered Society,Active,United Kingdom,NA,2021-01-18,None Supplied,,,
13115111,HU2 0BQ,Private Limited Company,Active,United Kingdom,NA,2021-01-05,96090 - Other service activities n.e.c.,,,
13126612,WC1N 3AX,Private Limited Company,Active,United Kingdom,NA,2021-01-11,47910 - Retail sale via mail order houses or via Internet,62020 - Information technology consultancy activities,,
13154130,E4 8DP,Private Limited Company,Active,United Kingdom,NA,2021-01-25,56302 - Public houses and bars,,,
13111519,M22 8UE,Private Limited Company,Active,United Kingdom,NA,2021-01-04,47260 - Retail sale of tobacco products in specialised stores,,,
13137039,LU1 5JU,Private Limited Company,Active,United Kingdom,NA,2021-01-15,71129 - Other engineering activities,,,
13117693,NE4 7YL,Private Limited Company,Active,United Kingdom,NA,2021-01-06,68209 - Other letting and operating of own or leased real estate,,,
13148943,N1 7GU,Private Limited Company,Active,United Kingdom,NA,2021-01-21,69202 - Bookkeeping activities,,,
13135710,CT1 3DN,Private Limited Company,Active,United Kingdom,NA,2021-01-15,32990 - Other manufacturing n.e.c.,,,
13139793,BH4 8EN,Private Limited Company,Active,United Kingdom,NA,2021-01-18,85510 - Sports and recreation education,,,
13113096,SE3 9LF,Private Limited Company,Active,United Kingdom,NA,2021-01-05,87900 - Other residential care activities n.e.c.,,,
13146889,DE15 9RJ,Private Limited Company,Active,United Kingdom,NA,2021-01-20,41202 - Construction of domestic buildings,,,
13131726,TN8 6HF,Private Limited Company,Active,United Kingdom,NA,2021-01-13,82990 - Other business support service activities n.e.c.,,,
SC687175,G2 4JR,Private Limited Company,Active,United Kingdom,NA,2021-01-27,68100 - Buying and selling of own real estate,68209 - Other letting and operating of own or leased real estate,68310 - Real estate agencies,68320 - Management of real estate on a fee or contract basis
13127790,HA3 9AP,Private Limited Company,Active,United Kingdom,NA,2021-01-12,43999 - Other specialised construction activities n.e.c.,,,
13135182,LA12 7AJ,Private Limited Company,Active,United Kingdom,NA,2021-01-14,70229 - Management consultancy activities other than financial management,71122 - Engineering related scientific and technical consulting activities,,
13138756,LU1 1SH,Private Limited Company,Active,United Kingdom,NA,2021-01-18,41100 - Development of building projects,41201 - Construction of commercial buildings,41202 - Construction of domestic buildings,43999 - Other specialised construction activities n.e.c.
13138358,NN5 6UX,Private Limited Company,Active,United Kingdom,NA,2021-01-18,49410 - Freight transport by road,,,
13153201,W1G 9DQ,Private Limited Company,Active,United Kingdom,NA,2021-01-22,"47990 - Other retail sale not in stores, stalls or markets",,,
13144651,ST16 1JD,Private Limited Company,Active,United Kingdom,NA,2021-01-19,47910 - Retail sale via mail order houses or via Internet,,,
13128755,WC2H 9JQ,Private Limited Company,Active,United Kingdom,NA,2021-01-12,47190 - Other retail sale in non-specialised stores,47910 - Retail sale via mail order houses or via Internet,"47990 - Other retail sale not in stores, stalls or markets",
SC685650,EH8 8FQ,Private Limited Company,Active,United Kingdom,NA,2021-01-12,18203 - Reproduction of computer media,,,
13165208,EN4 8SB,Private Limited Company,Active,United Kingdom,NA,2021-01-28,56290 - Other food services,,,
13116706,W3 8EL,Private Limited Company,Active,United Kingdom,NA,2021-01-06,59112 - Video production activities,,,
OC435166,SR8 1AL,Limited Liability Partnership,Active,United Kingdom,NA,2021-01-21,None Supplied,,,
13120831,WC1B 3NH,Private Limited Company,Active,United Kingdom,NA,2021-01-07,90020 - Support activities to performing arts,,,
13122204,NN5 5FN,Private Limited Company,Active,United Kingdom,NA,2021-01-08,"47599 - Retail of furniture, lighting, and similar (not musical instruments or scores) in specialised store",47770 - Retail sale of watches and jewellery in specialised stores,47781 - Retail sale in commercial art galleries,
13125391,SE10 0TF,Private Limited Company,Active,United Kingdom,NA,2021-01-11,32120 - Manufacture of jewellery and related articles,47770 - Retail sale of watches and jewellery in specialised stores,"95250 - Repair of watches, clocks and jewellery",
13129115,BH15 4DL,Private Limited Company,Active,United Kingdom,NA,2021-01-12,"46140 - Agents involved in the sale of machinery, industrial equipment, ships and aircraft",,,
13154648,SO15 2DB,Private Limited Company,Active,United Kingdom,NA,2021-01-25,56103 - Take-away food shops and mobile food stands,,,
13108819,TN24 9QB,Private Limited Company,Active,United Kingdom,NA,2021-01-04,49390 - Other passenger land transport,49410 - Freight transport by road,,
13145208,WC2H 9JQ,Private Limited Company,Active,United Kingdom,NA,2021-01-19,96090 - Other service activities n.e.c.,,,
13111174,SE1 4YQ,Private Limited Company,Active,United Kingdom,NA,2021-01-04,96090 - Other service activities n.e.c.,,,
NI675507,BT79 7HX,Private Limited Company,Active,United Kingdom,NA,2021-01-11,09900 - Support activities for other mining and quarrying,,,
13159677,KT5 9QJ,Private Limited Company,Active,United Kingdom,NA,2021-01-26,49410 - Freight transport by road,,,
13156281,PO7 6YB,Private Limited Company,Active,United Kingdom,NA,2021-01-25,69201 - Accounting and auditing activities,,,
13165475,WC2H 9JQ,Private Limited Company,Active,United Kingdom,NA,2021-01-28,70221 - Financial management,,,
13128580,SW177QQ,Private Limited Company,Active,United Kingdom,NA,2021-01-12,68100 - Buying and selling of own real estate,,,
13165246,LS28 7UJ,Private Limited Company,Active,United Kingdom,NA,2021-01-28,62090 - Other information technology service activities,,,
13154667,RG19 8AU,Private Limited Company,Active,United Kingdom,NA,2021-01-25,62012 - Business and domestic software development,,,
13114688,WC2H 9JQ,Private Limited Company,Active,United Kingdom,NA,2021-01-05,68100 - Buying and selling of own real estate,,,
13128239,PE33 0SR,Private Limited Company,Active,United Kingdom,NA,2021-01-12,73110 - Advertising agencies,,,
13125447,RG6 7NA,Private Limited Company,Active,United Kingdom,NA,2021-01-11,62020 - Information technology consultancy activities,,,
13110277,WN8 9SA,Private Limited Company,Active,United Kingdom,NA,2021-01-04,43320 - Joinery installation,,,
13146639,KT21 1AA,Private Limited Company,Active,United Kingdom,NA,2021-01-20,43210 - Electrical installation,,,
SC686145,G46 7UL,Private Limited Company,Active,United Kingdom,NA,2021-01-15,96090 - Other service activities n.e.c.,,,
13152494,DE23 6TB,Private Limited Company,Active,United Kingdom,NA,2021-01-22,47730 - Dispensing chemist in specialised stores,,,
13158021,SA1 4AW,Private Limited Company,Active,United Kingdom,NA,2021-01-26,90010 - Performing arts,90030 - Artistic creation,,
13144575,B17 8HY,Private Limited Company,Active,United Kingdom,NA,2021-01-19,58290 - Other software publishing,62012 - Business and domestic software development,,
13152705,BS8 2AL,Private Limited Company,Active,United Kingdom,NA,2021-01-22,70229 - Management consultancy activities other than financial management,,,
13123098,W1W 7LT,Private Limited Company,Active,United Kingdom,NA,2021-01-08,59112 - Video production activities,74201 - Portrait photographic activities,74202 - Other specialist photography,74209 - Photographic activities not elsewhere classified
13156428,GL11 5TE,Private Limited Company,Active,United Kingdom,NA,2021-01-25,"87200 - Residential care activities for learning difficulties, mental health and substance abuse",,,
13149323,WS13 6BP,Private Limited Company,Active,United Kingdom,NA,2021-01-21,93290 - Other amusement and recreation activities n.e.c.,,,
13149953,CV6 1JN,Private Limited Company,Active,United Kingdom,NA,2021-01-21,"47990 - Other retail sale not in stores, stalls or markets",62020 - Information technology consultancy activities,62090 - Other information technology service activities,82990 - Other business support service activities n.e.c.
13121254,CR0 1NG,Private Limited Company,Active,United Kingdom,NA,2021-01-08,56101 - Licensed restaurants,,,
13134150,SK8 5EU,Private Limited Company,Active,United Kingdom,NA,2021-01-14,52290 - Other transportation support activities,,,
13111503,CB2 0AP,Private Limited Company,Active,United Kingdom,NA,2021-01-04,78109 - Other activities of employment placement agencies,78200 - Temporary employment agency activities,,
13151797,N4 1AD,Private Limited Company,Active,United Kingdom,NA,2021-01-22,70229 - Management consultancy activities other than financial management,,,
13122123,CT1 2SX,Private Limited Company,Active,United Kingdom,NA,2021-01-08,71121 - Engineering design activities for industrial process and production,71122 - Engineering related scientific and technical consulting activities,71129 - Other engineering activities,72190 - Other research and experimental development on natural sciences and engineering
13125077,W1G 0JR,Private Limited Company,Active,United Kingdom,NA,2021-01-11,70229 - Management consultancy activities other than financial management,,,
13113261,UB4 9FA,Private Limited Company,Active,United Kingdom,NA,2021-01-05,71111 - Architectural activities,,,
13166013,TA21 8EX,Private Limited Company,Active,United Kingdom,NA,2021-01-28,59112 - Video production activities,,,
NI675380,BT70 1DL,Private Limited Company,Active,United Kingdom,NA,2021-01-07,68100 - Buying and selling of own real estate,68209 - Other letting and operating of own or leased real estate,,
13154609,NG10 1NJ,Private Limited Company,Active,United Kingdom,NA,2021-01-25,56103 - Take-away food shops and mobile food stands,,,
13122849,N1 1LX,"PRI/LTD BY GUAR/NSC (Private, limited by guarantee, no share capital)",Active,United Kingdom,NA,2021-01-08,96020 - Hairdressing and other beauty treatment,,,
13126660,B31 5RA,Private Limited Company,Active,United Kingdom,NA,2021-01-11,49410 - Freight transport by road,,,
13158075,NW6 6DJ,Private Limited Company,Active,United Kingdom,NA,2021-01-26,88910 - Child day-care activities,,,
13110360,CF11 7BF,Private Limited Company,Active,United Kingdom,NA,2021-01-04,98000 - Residents property management,,,
13138829,WA15 8RF,Private Limited Company,Active,United Kingdom,NA,2021-01-18,86230 - Dental practice activities,,,
13150298,KT18 7PF,Private Limited Company,Active,United Kingdom,NA,2021-01-21,68100 - Buying and selling of own real estate,68209 - Other letting and operating of own or leased real estate,,
13108981,GU30 7QN,Private Limited Company,Active,United Kingdom,NA,2021-01-04,"46160 - Agents involved in the sale of textiles, clothing, fur, footwear and leather goods",,,
13133381,EX8 1AL,Private Limited Company,Active,United Kingdom,NA,2021-01-14,68209 - Other letting and operating of own or leased real estate,,,
13166220,W1S 4FF,Private Limited Company,Active,United Kingdom,NA,2021-01-29,70229 - Management consultancy activities other than financial management,,,
13119765,L18 1DG,Private Limited Company,Active,United Kingdom,NA,2021-01-07,"43220 - Plumbing, heat and air-conditioning installation",,,
13133172,WC1N 3AX,Private Limited Company,Active,United Kingdom,NA,2021-01-14,99999 - Dormant Company,,,
13135644,BS7 9DA,Private Limited Company,Active,United Kingdom,NA,2021-01-15,41100 - Development of building projects,,,
13135643,W4 2RF,Private Limited Company,Active,United Kingdom,NA,2021-01-15,"47990 - Other retail sale not in stores, stalls or markets",,,
13117728,W1U 2DW,Private Limited Company,Active,United Kingdom,NA,2021-01-06,64209 - Activities of other holding companies n.e.c.,,,
13163952,PE2 9FH,Private Limited Company,Active,United Kingdom,NA,2021-01-28,46420 - Wholesale of clothing and footwear,,,
13144436,N11 3NE,Private Limited Company,Active,United Kingdom,NA,2021-01-19,96090 - Other service activities n.e.c.,,,
13154526,CR7 8EJ,Private Limited Company,Active,United Kingdom,NA,2021-01-25,"84120 - Regulation of health care, education, cultural and other social services, not incl. social security",,,
13165948,TF7 4AG,Private Limited Company,Active,United Kingdom,NA,2021-01-28,47910 - Retail sale via mail order houses or via Internet,,,
13134666,PL4 8EG,Private Limited Company,Active,United Kingdom,NA,2021-01-14,52290 - Other transportation support activities,,,
13159047,GL14 2HZ,Private Limited Company,Active,United Kingdom,NA,2021-01-26,01621 - Farm animal boarding and care,86900 - Other human health activities,,
13151098,HA0 1HD,Private Limited Company,Active,United Kingdom,NA,2021-01-21,56101 - Licensed restaurants,,,
LP021457,W1K 6JX,Limited Partnership,Active,United Kingdom,NA,2021-01-07,None Supplied,,,
13132724,SA11 3QP,Private Limited Company,Active,United Kingdom,NA,2021-01-13,43210 - Electrical installation,,,
13155795,HA8 9GJ,Private Limited Company,Active,United Kingdom,NA,2021-01-25,87100 - Residential nursing care facilities,"87200 - Residential care activities for learning difficulties, mental health and substance abuse",,
13145800,LS8 1AG,Private Limited Company,Active,United Kingdom,NA,2021-01-20,41100 - Development of building projects,41201 - Construction of commercial buildings,41202 - Construction of domestic buildings,
13151251,W1H 4HG,Private Limited Company,Active,United Kingdom,NA,2021-01-22,68100 - Buying and selling of own real estate,,,
13136403,TS25 3LB,Private Limited Company,Active,United Kingdom,NA,2021-01-15,56103 - Take-away food shops and mobile food stands,,,
13126775,EC2A 4NE,Private Limited Company,Active,United Kingdom,NA,2021-01-11,"47240 - Retail sale of bread, cakes, flour confectionery and sugar confectionery in specialised stores",,,
13119937,BS9 3BY,Private Limited Company,Active,United Kingdom,NA,2021-01-07,99999 - Dormant Company,,,
13150981,IP4 1NL,Private Limited Company,Active,United Kingdom,NA,2021-01-21,43390 - Other building completion and finishing,49410 - Freight transport by road,81222 - Specialised cleaning services,
13152358,SE25 4JZ,Private Limited Company,Active,United Kingdom,NA,2021-01-22,43290 - Other construction installation,,,
SC686156,IV30 1BS,Private Limited Company,Active,United Kingdom,NA,2021-01-18,70229 - Management consultancy activities other than financial management,,,
13155774,CV4 9RA,Private Limited Company,Active,United Kingdom,NA,2021-01-25,47910 - Retail sale via mail order houses or via Internet,,,
13129272,SA6 6EF,Private Limited Company,Active,United Kingdom,NA,2021-01-12,47190 - Other retail sale in non-specialised stores,,,
13148792,NW10 7TR,Private Limited Company,Active,United Kingdom,NA,2021-01-21,56103 - Take-away food shops and mobile food stands,,,
13130487,TS5 8JJ,Private Limited Company,Active,United Kingdom,NA,2021-01-13,25990 - Manufacture of other fabricated metal products n.e.c.,,,
13159785,EC2A 3AR,Private Limited Company,Active,United Kingdom,NA,2021-01-26,99999 - Dormant Company,,,
13147608,SP2 8PU,Private Limited Company,Active,United Kingdom,NA,2021-01-20,70229 - Management consultancy activities other than financial management,,,
13134205,RM2 5LT,Private Limited Company,Active,United Kingdom,NA,2021-01-14,43210 - Electrical installation,,,
13164944,CV4 9RG,Private Limited Company,Active,United Kingdom,NA,2021-01-28,82110 - Combined office administrative service activities,,,
13154978,M40 0GF,Private Limited Company,Active,United Kingdom,NA,2021-01-25,86900 - Other human health activities,,,
13145733,WN1 1XR,Private Limited Company,Active,United Kingdom,NA,2021-01-20,53202 - Unlicensed carrier,,,
13166031,CH45 9JE,Private Limited Company,Active,United Kingdom,NA,2021-01-28,85590 - Other education n.e.c.,,,
13131814,SS1 1EA,Private Limited Company,Active,United Kingdom,NA,2021-01-13,99999 - Dormant Company,,,
SC687373,FK13 6DQ,Private Limited Company,Active,United Kingdom,NA,2021-01-28,68100 - Buying and selling of own real estate,68201 - Renting and operating of Housing Association real estate,68209 - Other letting and operating of own or leased real estate,68320 - Management of real estate on a fee or contract basis
13123920,WA15 9AD,Private Limited Company,Active,United Kingdom,NA,2021-01-11,68320 - Management of real estate on a fee or contract basis,,,
SC685769,FK13 6QH,Private Limited Company,Active,United Kingdom,NA,2021-01-12,68310 - Real estate agencies,,,
13130755,CV22 7AG,Private Limited Company,Active,United Kingdom,NA,2021-01-13,69102 - Solicitors,,,
SC687537,G41 1TG,Private Limited Company,Active,United Kingdom,NA,2021-01-29,"47990 - Other retail sale not in stores, stalls or markets",,,
13166365,SG6 2TU,Private Limited Company,Active,United Kingdom,NA,2021-01-29,"26511 - Manufacture of electronic measuring, testing etc. equipment, not for industrial process control",,,
13142937,N21 1DL,Private Limited Company,Active,United Kingdom,NA,2021-01-19,64999 - Financial intermediation not elsewhere classified,,,
13125798,NG16 5BZ,Private Limited Company,Active,United Kingdom,NA,2021-01-11,68209 - Other letting and operating of own or leased real estate,,,
13109096,SL4 3AJ,Private Limited Company,Active,United Kingdom,NA,2021-01-04,93290 - Other amusement and recreation activities n.e.c.,,,
OC435014,PO5 4BN,Limited Liability Partnership,Active,United Kingdom,NA,2021-01-11,None Supplied,,,
13121158,DA6 7NA,Private Limited Company,Active,United Kingdom,NA,2021-01-08,"47990 - Other retail sale not in stores, stalls or markets",56102 - Unlicensed restaurants and cafes,56302 - Public houses and bars,
13128509,GU11 3QJ,Private Limited Company,Active,United Kingdom,NA,2021-01-12,66220 - Activities of insurance agents and brokers,73120 - Media representation services,,
13157514,M40 3WA,Private Limited Company,Active,United Kingdom,NA,2021-01-25,33110 - Repair of fabricated metal products,,,
13166496,N17 9EN,Private Limited Company,Active,United Kingdom,NA,2021-01-29,62020 - Information technology consultancy activities,71122 - Engineering related scientific and technical consulting activities,,
13122916,N1 7GU,Private Limited Company,Active,United Kingdom,NA,2021-01-08,56103 - Take-away food shops and mobile food stands,,,
13140643,CB2 9BY,Private Limited Company,Active,United Kingdom,NA,2021-01-18,56290 - Other food services,,,
13150409,UB2 5SZ,Private Limited Company,Active,United Kingdom,NA,2021-01-21,46900 - Non-specialised wholesale trade,47910 - Retail sale via mail order houses or via Internet,,
13124873,N1 7SR,Private Limited Company,Active,United Kingdom,NA,2021-01-11,68209 - Other letting and operating of own or leased real estate,,,
13151300,WC2H 9JQ,Private Limited Company,Active,United Kingdom,NA,2021-01-22,96090 - Other service activities n.e.c.,,,
13108816,IG5 0DJ,Private Limited Company,Active,United Kingdom,NA,2021-01-04,68100 - Buying and selling of own real estate,,,
13110467,SG18 0RU,Private Limited Company,Active,United Kingdom,NA,2021-01-04,"46160 - Agents involved in the sale of textiles, clothing, fur, footwear and leather goods",,,
13140315,SE1 4SL,Private Limited Company,Active,United Kingdom,NA,2021-01-18,96090 - Other service activities n.e.c.,,,
13150634,AL5 3NS,Private Limited Company,Active,United Kingdom,NA,2021-01-21,94120 - Activities of professional membership organizations,,,
13152510,E7 8BA,Private Limited Company,Active,United Kingdom,NA,2021-01-22,96090 - Other service activities n.e.c.,,,
13157235,CV21 2NW,Private Limited Company,Active,United Kingdom,NA,2021-01-25,41201 - Construction of commercial buildings,41202 - Construction of domestic buildings,45112 - Sale of used cars and light motor vehicles,49410 - Freight transport by road
13138877,PL33 9DA,Private Limited Company,Active,United Kingdom,NA,2021-01-18,33150 - Repair and maintenance of ships and boats,,,
SC686203,G42 9UB,Private Limited Company,Active,United Kingdom,NA,2021-01-18,86900 - Other human health activities,,,
13130697,HA7 3PF,Private Limited Company,Active,United Kingdom,NA,2021-01-13,47910 - Retail sale via mail order houses or via Internet,,,
13161152,EC2A 4NE,Private Limited Company,Active,United Kingdom,NA,2021-01-27,47910 - Retail sale via mail order houses or via Internet,,,
13143119,PR26 7JR,Private Limited Company,Active,United Kingdom,NA,2021-01-19,98100 - Undifferentiated goods-producing activities of private households for own use,,,
13137300,E16 1AH,Private Limited Company,Active,United Kingdom,NA,2021-01-15,99999 - Dormant Company,,,
13160021,SY10 8LL,Private Limited Company,Active,United Kingdom,NA,2021-01-26,10890 - Manufacture of other food products n.e.c.,"47110 - Retail sale in non-specialised stores with food, beverages or tobacco predominating",47290 - Other retail sale of food in specialised stores,
13165223,W1W 8AF,Private Limited Company,Active,United Kingdom,NA,2021-01-28,62020 - Information technology consultancy activities,64999 - Financial intermediation not elsewhere classified,,
SC685122,G41 4SD,Private Limited Company,Active,United Kingdom,NA,2021-01-06,47910 - Retail sale via mail order houses or via Internet,,,
13143123,N1 7SR,Private Limited Company,Active,United Kingdom,NA,2021-01-19,59112 - Video production activities,,,
13112607,CM8 2JE,Private Limited Company,Active,United Kingdom,NA,2021-01-05,42120 - Construction of railways and underground railways,,,
13124319,WC2H 9JQ,Private Limited Company,Active,United Kingdom,NA,2021-01-11,55100 - Hotels and similar accommodation,,,
13126533,BS22 8EW,Private Limited Company,Active,United Kingdom,NA,2021-01-11,99999 - Dormant Company,,,
13121729,LS9 0EE,Private Limited Company,Active,United Kingdom,NA,2021-01-08,42120 - Construction of railways and underground railways,,,
13116094,TA6 3AL,Private Limited Company,Active,United Kingdom,NA,2021-01-06,87900 - Other residential care activities n.e.c.,,,
13157184,E8 4DT,Private Limited Company,Active,United Kingdom,NA,2021-01-25,70229 - Management consultancy activities other than financial management,,,
13110161,GL1 2EF,Private Limited Company,Active,United Kingdom,NA,2021-01-04,62012 - Business and domestic software development,,,
13138043,BN1 7GJ,Private Limited Company,Active,United Kingdom,NA,2021-01-15,85590 - Other education n.e.c.,,,
13110535,SO52 9EX,Private Limited Company,Active,United Kingdom,NA,2021-01-04,96090 - Other service activities n.e.c.,,,
13122884,CT3 1XU,Private Limited Company,Active,United Kingdom,NA,2021-01-08,96090 - Other service activities n.e.c.,,,
13147181,BN3 1RL,Private Limited Company,Active,United Kingdom,NA,2021-01-20,68100 - Buying and selling of own real estate,,,
13135616,GL50 3PR,Private Limited Company,Active,United Kingdom,NA,2021-01-15,64304 - Activities of open-ended investment companies,,,
13141621,AL7 3XP,Private Limited Company,Active,United Kingdom,NA,2021-01-18,41100 - Development of building projects,41202 - Construction of domestic buildings,,
13134539,HG3 2YS,"PRI/LTD BY GUAR/NSC (Private, limited by guarantee, no share capital)",Active,United Kingdom,NA,2021-01-14,98000 - Residents property management,,,
13160219,W1U 7HW,Private Limited Company,Active,United Kingdom,NA,2021-01-26,64209 - Activities of other holding companies n.e.c.,,,
13166839,NW4 2HN,Private Limited Company,Active,United Kingdom,NA,2021-01-29,82301 - Activities of exhibition and fair organisers,82302 - Activities of conference organisers,,
13147467,WD18 8YA,Private Limited Company,Active,United Kingdom,NA,2021-01-20,70229 - Management consultancy activities other than financial management,,,
13149557,ME9 8UU,Private Limited Company,Active,United Kingdom,NA,2021-01-21,33190 - Repair of other equipment,"46730 - Wholesale of wood, construction materials and sanitary equipment",,
13161296,NW4 3UY,Private Limited Company,Active,United Kingdom,NA,2021-01-27,78200 - Temporary employment agency activities,,,
SC685667,KA13 4AA,Private Limited Company,Active,United Kingdom,NA,2021-01-12,"47760 - Retail sale of flowers, plants, seeds, fertilizers, pet animals and pet food in specialised stores",,,
13120263,WC2H 9JQ,Private Limited Company,Active,United Kingdom,NA,2021-01-07,47910 - Retail sale via mail order houses or via Internet,,,
13155209,MK10 7AQ,Private Limited Company,Active,United Kingdom,NA,2021-01-25,86220 - Specialists medical practice activities,,,
13135142,IG10 4LF,Private Limited Company,Active,United Kingdom,NA,2021-01-14,43999 - Other specialised construction activities n.e.c.,,,
13160533,WC2H 9JQ,Private Limited Company,Active,United Kingdom,NA,2021-01-27,64209 - Activities of other holding companies n.e.c.,,,
13149809,SE4 2NG,Private Limited Company,Active,United Kingdom,NA,2021-01-21,59112 - Video production activities,"59120 - Motion picture, video and television programme post-production activities",,
13129522,BD3 7HT,Private Limited Company,Active,United Kingdom,NA,2021-01-12,69201 - Accounting and auditing activities,,,
13132343,CH61 1AX,Private Limited Company,Active,United Kingdom,NA,2021-01-13,43999 - Other specialised construction activities n.e.c.,,,
13118485,WR11 2XD,Private Limited Company,Active,United Kingdom,NA,2021-01-06,49410 - Freight transport by road,53202 - Unlicensed carrier,,
13142077,EC1V 2NX,Private Limited Company,Active,United Kingdom,NA,2021-01-18,74100 - specialised design activities,,,
13165258,N1 7GU,Private Limited Company,Active,United Kingdom,NA,2021-01-28,71121 - Engineering design activities for industrial process and production,,,
13158929,SW16 4XD,"PRI/LTD BY GUAR/NSC (Private, limited by guarantee, no share capital)",Active,United Kingdom,NA,2021-01-26,94910 - Activities of religious organizations,,,
13147747,SE19 3HF,Private Limited Company,Active,United Kingdom,NA,2021-01-20,99999 - Dormant Company,,,
13110779,SE24 9PP,Private Limited Company,Active,United Kingdom,NA,2021-01-04,70229 - Management consultancy activities other than financial management,,,
13111803,KT10 8NT,Private Limited Company,Active,United Kingdom,NA,2021-01-04,73120 - Media representation services,,,
13149602,ST4 4JZ,Private Limited Company,Active,United Kingdom,NA,2021-01-21,93130 - Fitness facilities,,,
13112063,WC1N 3AX,Private Limited Company,Active,United Kingdom,NA,2021-01-05,68209 - Other letting and operating of own or leased real estate,,,
13159915,WV1 4EG,Private Limited Company,Active,United Kingdom,NA,2021-01-26,41100 - Development of building projects,,,
13135152,CB21 4AP,Private Limited Company,Active,United Kingdom,NA,2021-01-14,56101 - Licensed restaurants,,,
13150481,HD1 1PA,Private Limited Company,Active,United Kingdom,NA,2021-01-21,70229 - Management consultancy activities other than financial management,,,
SC685087,EH12 5AY,Private Limited Company,Active,United Kingdom,NA,2021-01-06,68209 - Other letting and operating of own or leased real estate,,,
13144516,HP1 1ES,Private Limited Company,Active,United Kingdom,NA,2021-01-19,78109 - Other activities of employment placement agencies,78200 - Temporary employment agency activities,,
13162738,L40 5TD,Private Limited Company,Active,United Kingdom,NA,2021-01-27,01610 - Support activities for crop production,,,
13145567,LE11 3UN,Private Limited Company,Active,United Kingdom,NA,2021-01-20,85510 - Sports and recreation education,93199 - Other sports activities,,
13115914,PO9 3EZ,Private Limited Company,Active,United Kingdom,NA,2021-01-06,68100 - Buying and selling of own real estate,68209 - Other letting and operating of own or leased real estate,,
13147220,MK42 7FT,Private Limited Company,Active,United Kingdom,NA,2021-01-20,90030 - Artistic creation,,,
13146661,W1B 3HH,Private Limited Company,Active,United Kingdom,NA,2021-01-20,95240 - Repair of furniture and home furnishings,,,
13121192,LS20 8NH,Private Limited Company,Active,United Kingdom,NA,2021-01-08,46180 - Agents specialized in the sale of other particular products,,,
13119149,CT19 4FJ,Private Limited Company,Active,United Kingdom,NA,2021-01-07,55209 - Other holiday and other collective accommodation,,,
13154489,SL8 5QN,Private Limited Company,Active,United Kingdom,NA,2021-01-25,47190 - Other retail sale in non-specialised stores,,,
13115010,SL6 7LY,Private Limited Company,Active,United Kingdom,NA,2021-01-05,71122 - Engineering related scientific and technical consulting activities,,,
13110041,HA4 0QP,Private Limited Company,Active,United Kingdom,NA,2021-01-04,56290 - Other food services,,,
LP021453,W1J 7JY,Limited Partnership,Active,United Kingdom,NA,2021-01-07,None Supplied,,,
13154255,M1 2JQ,Private Limited Company,Active,United Kingdom,NA,2021-01-25,96090 - Other service activities n.e.c.,,,
13128883,NG24 4PQ,Private Limited Company,Active,United Kingdom,NA,2021-01-12,49410 - Freight transport by road,,,
13167086,PR8 6JD,Private Limited Company,Active,United Kingdom,NA,2021-01-29,81300 - Landscape service activities,,,
13141392,FY4 3EQ,Private Limited Company,Active,United Kingdom,NA,2021-01-18,81222 - Specialised cleaning services,"87200 - Residential care activities for learning difficulties, mental health and substance abuse",,
13131569,WC2H 9JQ,Private Limited Company,Active,United Kingdom,NA,2021-01-13,96090 - Other service activities n.e.c.,,,
13160796,S43 3UT,Private Limited Company,Active,United Kingdom,NA,2021-01-27,43210 - Electrical installation,,,
13139252,BB2 3BL,Private Limited Company,Active,United Kingdom,NA,2021-01-18,82990 - Other business support service activities n.e.c.,,,
13134011,LE19 4BS,Private Limited Company,Active,United Kingdom,NA,2021-01-14,62020 - Information technology consultancy activities,,,
13124702,NN12 6AW,Private Limited Company,Active,United Kingdom,NA,2021-01-11,45200 - Maintenance and repair of motor vehicles,,,
13154147,CV23 1AH,Private Limited Company,Active,United Kingdom,NA,2021-01-25,47910 - Retail sale via mail order houses or via Internet,,,
13158815,EN3 7DZ,Private Limited Company,Active,United Kingdom,NA,2021-01-26,45190 - Sale of other motor vehicles,,,
13130182,LL229LL,Private Limited Company,Active,United Kingdom,NA,2021-01-13,43290 - Other construction installation,81300 - Landscape service activities,,
13162082,PR9 0DW,Private Limited Company,Active,United Kingdom,NA,2021-01-27,41201 - Construction of commercial buildings,41202 - Construction of domestic buildings,43290 - Other construction installation,
SC686809,G52 4JW,Private Limited Company,Active,United Kingdom,NA,2021-01-22,96090 - Other service activities n.e.c.,,,
13163073,W1B 3HH,Private Limited Company,Active,United Kingdom,NA,2021-01-27,85590 - Other education n.e.c.,,,
NI675602,BT23 5DU,Private Limited Company,Active,United Kingdom,NA,2021-01-14,56103 - Take-away food shops and mobile food stands,,,
13147361,GU51 3XR,Private Limited Company,Active,United Kingdom,NA,2021-01-20,93199 - Other sports activities,,,
13164949,NN1 4EP,Private Limited Company,Active,United Kingdom,NA,2021-01-28,14190 - Manufacture of other wearing apparel and accessories n.e.c.,,,
13132888,EC1V 2NX,Private Limited Company,Active,United Kingdom,NA,2021-01-13,96090 - Other service activities n.e.c.,,,
13134471,L37 7DB,Private Limited Company,Active,United Kingdom,NA,2021-01-14,47910 - Retail sale via mail order houses or via Internet,,,
13156576,EC1V 2NX,Private Limited Company,Active,United Kingdom,NA,2021-01-25,"47990 - Other retail sale not in stores, stalls or markets",,,
13143772,WC2H 9JQ,Private Limited Company,Active,United Kingdom,NA,2021-01-19,47910 - Retail sale via mail order houses or via Internet,,,
13158239,CW11 4BF,Private Limited Company,Active,United Kingdom,NA,2021-01-26,41100 - Development of building projects,41201 - Construction of commercial buildings,41202 - Construction of domestic buildings,
13163490,NN8 3JH,Private Limited Company,Active,United Kingdom,NA,2021-01-27,86900 - Other human health activities,"87200 - Residential care activities for learning difficulties, mental health and substance abuse",87900 - Other residential care activities n.e.c.,
13144853,EC2A 4NE,Private Limited Company,Active,United Kingdom,NA,2021-01-19,74100 - specialised design activities,,,
13112567,DN10 5BJ,Private Limited Company,Active,United Kingdom,NA,2021-01-05,64209 - Activities of other holding companies n.e.c.,,,
13136242,E15 1NT,Private Limited Company,Active,United Kingdom,NA,2021-01-15,47910 - Retail sale via mail order houses or via Internet,,,
13138499,SW4 7UT,Private Limited Company,Active,United Kingdom,NA,2021-01-18,68310 - Real estate agencies,,,
13138386,NG22 0JD,Private Limited Company,Active,United Kingdom,NA,2021-01-18,"47990 - Other retail sale not in stores, stalls or markets",,,
13148861,HD1 2EX,Private Limited Company,Active,United Kingdom,NA,2021-01-21,86900 - Other human health activities,,,
13139634,B74 3LA,Private Limited Company,Active,United Kingdom,NA,2021-01-18,73120 - Media representation services,,,
SC686108,DD3 6NB,Private Limited Company,Active,United Kingdom,NA,2021-01-15,49320 - Taxi operation,,,
13116231,WA8 7EZ,Private Limited Company,Active,United Kingdom,NA,2021-01-06,49410 - Freight transport by road,,,
13129085,W14 9DF,Private Limited Company,Active,United Kingdom,NA,2021-01-12,86220 - Specialists medical practice activities,,,
13132441,IP28 8YA,Private Limited Company,Active,United Kingdom,NA,2021-01-13,80200 - Security systems service activities,84250 - Fire service activities,,
13125714,TN38 9ET,Private Limited Company,Active,United Kingdom,NA,2021-01-11,87100 - Residential nursing care facilities,,,
13157829,N1 7GU,Private Limited Company,Active,United Kingdom,NA,2021-01-26,"74909 - Other professional, scientific and technical activities n.e.c.",,,
13151192,YO13 9QU,Private Limited Company,Active,United Kingdom,NA,2021-01-21,68100 - Buying and selling of own real estate,68209 - Other letting and operating of own or leased real estate,68320 - Management of real estate on a fee or contract basis,
13147357,RM10 8AN,Private Limited Company,Active,United Kingdom,NA,2021-01-20,43999 - Other specialised construction activities n.e.c.,,,
13143398,SK4 4QG,Private Limited Company,Active,United Kingdom,NA,2021-01-19,56103 - Take-away food shops and mobile food stands,,,
13118712,LU2 7PU,Private Limited Company,Active,United Kingdom,NA,2021-01-07,41202 - Construction of domestic buildings,49410 - Freight transport by road,,
13155173,MK5 7BA,Private Limited Company,Active,United Kingdom,NA,2021-01-25,68100 - Buying and selling of own real estate,68201 - Renting and operating of Housing Association real estate,68209 - Other letting and operating of own or leased real estate,68320 - Management of real estate on a fee or contract basis
13112259,HA4 7AE,Private Limited Company,Active,United Kingdom,NA,2021-01-05,47510 - Retail sale of textiles in specialised stores,,,
13125917,WF14 9DQ,Private Limited Company,Active,United Kingdom,NA,2021-01-11,56103 - Take-away food shops and mobile food stands,,,
13148950,GL6 7NZ,Private Limited Company,Active,United Kingdom,NA,2021-01-21,"74909 - Other professional, scientific and technical activities n.e.c.",,,
13118152,TN38 9LB,Private Limited Company,Active,United Kingdom,NA,2021-01-06,43210 - Electrical installation,,,
SC686752,PH35 4HR,Private Limited Company,Active,United Kingdom,NA,2021-01-22,16100 - Sawmilling and planing of wood,,,
13108267,RH10 4TA,Private Limited Company,Active,United Kingdom,NA,2021-01-04,47910 - Retail sale via mail order houses or via Internet,,,
13168471,TW19 7AG,Private Limited Company,Active,United Kingdom,NA,2021-01-29,68209 - Other letting and operating of own or leased real estate,,,
13146290,CH62 3QG,Private Limited Company,Active,United Kingdom,NA,2021-01-20,77320 - Renting and leasing of construction and civil engineering machinery and equipment,,,
13163165,WC2H 9JQ,Private Limited Company,Active,United Kingdom,NA,2021-01-27,47190 - Other retail sale in non-specialised stores,,,
13121030,N13 5NF,Private Limited Company,Active,United Kingdom,NA,2021-01-08,71129 - Other engineering activities,,,
13145210,DA1 2FE,Private Limited Company,Active,United Kingdom,NA,2021-01-19,56101 - Licensed restaurants,,,
13111422,SR4 8PZ,Private Limited Company,Active,United Kingdom,NA,2021-01-04,43210 - Electrical installation,81100 - Combined facilities support activities,,
13161978,LN4 1NB,Private Limited Company,Active,United Kingdom,NA,2021-01-27,43999 - Other specialised construction activities n.e.c.,,,
13123066,NR6 6LN,Private Limited Company,Active,United Kingdom,NA,2021-01-08,86101 - Hospital activities,,,
13141761,BH20 4DB,Private Limited Company,Active - Proposal to Strike off,United Kingdom,NA,2021-01-18,43999 - Other specialised construction activities n.e.c.,,,
13163202,M20 6UR,Private Limited Company,Active,United Kingdom,NA,2021-01-27,82990 - Other business support service activities n.e.c.,,,
13151373,HA4 7AE,Private Limited Company,Active,United Kingdom,NA,2021-01-22,81210 - General cleaning of buildings,81221 - Window cleaning services,81222 - Specialised cleaning services,
13120131,ST1 2BG,Private Limited Company,Active,United Kingdom,NA,2021-01-07,49410 - Freight transport by road,,,
SC686903,DD2 5PW,Private Limited Company,Active,United Kingdom,NA,2021-01-25,96090 - Other service activities n.e.c.,,,
13117813,NE25 0JY,Private Limited Company,Active,United Kingdom,NA,2021-01-06,"47820 - Retail sale via stalls and markets of textiles, clothing and footwear",47890 - Retail sale via stalls and markets of other goods,47910 - Retail sale via mail order houses or via Internet,
13152977,SE16 2BJ,Private Limited Company,Active,United Kingdom,NA,2021-01-22,82990 - Other business support service activities n.e.c.,96090 - Other service activities n.e.c.,,
13112392,HA7 4EU,Private Limited Company,Active,United Kingdom,NA,2021-01-05,"46170 - Agents involved in the sale of food, beverages and tobacco","46390 - Non-specialised wholesale of food, beverages and tobacco","47810 - Retail sale via stalls and markets of food, beverages and tobacco products",56290 - Other food services
13143679,SE13 7GU,Private Limited Company,Active,United Kingdom,NA,2021-01-19,68100 - Buying and selling of own real estate,,,
13166240,W1B 3HH,Private Limited Company,Active,United Kingdom,NA,2021-01-29,70221 - Financial management,,,
13127157,EC1V 2NX,Private Limited Company,Active,United Kingdom,NA,2021-01-12,68209 - Other letting and operating of own or leased real estate,,,
13143008,ME7 5UF,Private Limited Company,Active,United Kingdom,NA,2021-01-19,56103 - Take-away food shops and mobile food stands,,,
13165405,BR4 0SG,Private Limited Company,Active,United Kingdom,NA,2021-01-28,43341 - Painting,,,
13117062,SE3 9DG,Private Limited Company,Active,United Kingdom,NA,2021-01-06,56210 - Event catering activities,,,
13111830,SW3 6QJ,Private Limited Company,Active,United Kingdom,NA,2021-01-04,85590 - Other education n.e.c.,87900 - Other residential care activities n.e.c.,,
13125991,EC1V 2NX,Private Limited Company,Active,United Kingdom,NA,2021-01-11,59112 - Video production activities,"59120 - Motion picture, video and television programme post-production activities",93120 - Activities of sport clubs,93199 - Other sports activities
13115869,NE10 9LT,Private Limited Company,Active,United Kingdom,NA,2021-01-06,47910 - Retail sale via mail order houses or via Internet,,,
13147654,WC2H 9JQ,Private Limited Company,Active,United Kingdom,NA,2021-01-20,92000 - Gambling and betting activities,,,
13128731,DN5 0UH,Community Interest Company,Active,United Kingdom,NA,2021-01-12,"47640 - Retail sale of sports goods, fishing gear, camping goods, boats and bicycles",,,
13147033,E14 3WW,Private Limited Company,Active,United Kingdom,NA,2021-01-20,96020 - Hairdressing and other beauty treatment,,,
13115886,M19 2BY,Private Limited Company,Active,United Kingdom,NA,2021-01-06,"43220 - Plumbing, heat and air-conditioning installation",,,
13154340,IG10 1DF,"PRI/LTD BY GUAR/NSC (Private, limited by guarantee, no share capital)",Active,United Kingdom,NA,2021-01-25,68100 - Buying and selling of own real estate,68209 - Other letting and operating of own or leased real estate,68320 - Management of real estate on a fee or contract basis,
13149900,SE9 3NS,Private Limited Company,Active,United Kingdom,NA,2021-01-21,66190 - Activities auxiliary to financial intermediation n.e.c.,86101 - Hospital activities,86102 - Medical nursing home activities,86900 - Other human health activities
CE024724,,Charitable Incorporated Organisation,Active,United Kingdom,NA,2021-01-27,None Supplied,,,
13155793,CF14 6ED,Private Limited Company,Active,United Kingdom,NA,2021-01-25,71111 - Architectural activities,,,
13131405,TW1 4AX,Private Limited Company,Active,United Kingdom,NA,2021-01-13,70229 - Management consultancy activities other than financial management,,,
13141737,EC2A 4NE,Private Limited Company,Active,United Kingdom,NA,2021-01-18,78109 - Other activities of employment placement agencies,,,
13113379,SN3 4DF,Private Limited Company,Active,United Kingdom,NA,2021-01-05,41100 - Development of building projects,,,
13132759,TW12 1NS,Private Limited Company,Active,United Kingdom,NA,2021-01-13,90030 - Artistic creation,,,
13159703,HA5 5QA,Private Limited Company,Active,United Kingdom,NA,2021-01-26,56102 - Unlicensed restaurants and cafes,,,
13158860,B1 3NJ,Private Limited Company,Active,United Kingdom,NA,2021-01-26,47710 - Retail sale of clothing in specialised stores,,,
